token_id,owner
1,0xb4a22d79110bd50342dcdc15079f966e883e7f0a
2,0x0d68e20d4e09aab69e44cfe3e272adc861989084
3,0x0d68e20d4e09aab69e44cfe3e272adc861989084
4,0xca3d67ddd359275c48b5c6da802e21302a057204
5,0xca3d67ddd359275c48b5c6da802e21302a057204
6,0x5b8970a3cf1136f09957c7ccd9b42edd3c0153ab
7,0xc9c3a84dc9ac316c1d65ec5afc7da259621b9115
8,0xf3341104c45940b013de6ee3f3f40fe70c80278c
9,0xf00a6e542068b0d03263b4bb4f3c89d838729791
10,0xd781bf866fcd6c376c81533124ec57475cbd3e6c
11,0x6184aa21df7ea0ceced4ca38499aece0c1fc05f2
12,0xf27af179f78bdb5f5377f709d5b2b438c2cb6694
13,0x1663c5b7afcc943c4384dfef7085f1a2daa41933
14,0xca3d67ddd359275c48b5c6da802e21302a057204
15,0x75d149b0dd2d9e760314cd8e4091f5cd76e2723d
16,0xf709affdd2195b17053af5f6590cf1371f915295
17,0x0a184a2d50d2834dd7acdc0c944b9e8db5de4666
18,0x6e385143ccdc02f2ca04731094328b59964c6a35
19,0x7b1f1b8a900f1882ce5afcb949a14b1b8eb37f14
20,0xca3d67ddd359275c48b5c6da802e21302a057204
21,0xca3d67ddd359275c48b5c6da802e21302a057204
22,0xc5cac0a0aeb5563497ce6062270d74bda10d8bbd
23,0xca3d67ddd359275c48b5c6da802e21302a057204
24,0xdff166df9a877b05da5a94953554f97342a2e541
25,0xbc214bc9974c96e80cec5dd93bb1fbb5681d2916
26,0xb9b031325c39c2209faf51bea23899c231fbf25e
27,0xaf19cc888b904435ebd123d978bee889e4406786
28,0x5f7f2a48a0d46bc4404f7c6237786dff409d1078
29,0x632bde3e0d7389c0db45d9eaf26975957836c795
30,0xf6403947dbcb581178778279b29281f9a0dcaf18
31,0x399e9b70397a98e18fa4622bd991c4b257ad6e41
32,0xc2e9ae3ee72a276232a17ff7679837080cfc741e
33,0xc5cac0a0aeb5563497ce6062270d74bda10d8bbd
34,0xcc989acb5d840fb8b865278acfe79243e0f9e333
35,0xc2e9ae3ee72a276232a17ff7679837080cfc741e
36,0xcd211569a108fdac74d729ba7358a743a3c2e08d
37,0x9a84dfa9949ac7e4679e292ae97992811aaa6d64
38,0xdf4c4035b07eacd6c8108b3e40c1890c5e9976e0
39,0xca3d67ddd359275c48b5c6da802e21302a057204
40,0x2e903d666b07e26dfb73382a068b5c7c9392132c
41,0x9ff8978201bcf41c20ebc483a8654e9dfb34c3b5
42,0x0d68e20d4e09aab69e44cfe3e272adc861989084
43,0x28816c4c4792467390c90e5b426f198570e29307
44,0x72c3285ab8cd28bbc26a3ab509534a57e21b060c
45,0x79a36dc09325244949b2bf6cb2149edff30ff4ff
46,0x47c81f07df3c4d927d2876fc16c0e04fb7521b37
47,0x3ad9cc3e8eb0db9b779bf42524b99fdea3ef396c
48,0x1890cd430b3485a38f4a6bed752712e5ad40dccb
49,0xef65cf8a7dbeb1fbf9e7ec5341b96c16424fd4de
50,0x176ec0881f5b9fe0313f926d0020f2d5ce7d186a
51,0xe96615dbda046857008de17a191a3526e42d8523
52,0x648e42c5dc65fbf8ce94314257ba76db1b84e2ec
53,0x3d0b0326757a7b0af721f0de3e73482d08f62f62
54,0xe88871f39c98963bf4e553765e574d27755a4052
55,0x569f26ed3ff322eda22a9650cfcd05e9e8152df8
56,0x00b2c1124270349e066e7878f5f4f219ddcad7e1
57,0x2e903d666b07e26dfb73382a068b5c7c9392132c
58,0x3df309f4984a0a2f8d02bee8ffd05831146f1f2e
59,0xf5fc8be3db1aae317fd55e0d7c30219d30024e2e
60,0xe58f3977f15c28daaa0463720ade94aca13d8024
61,0x466f3cd7085b4aa8b11220ee1acef97c7162e140
62,0x0fb06273b43a96c1286aa2e23fc209fda089b12a
63,0xd6d8cb6ab3fc685ed450fb32e6af1a58911ef64e
64,0x1c25b6c97f885465f3ad55e394b74928e79704f6
65,0x5bb30a3046e786f5e12e2656e175089cad735aec
66,0xca3d67ddd359275c48b5c6da802e21302a057204
67,0x56d674434d4f139d721011f80967c5e81e4edcb0
68,0x7b1f1b8a900f1882ce5afcb949a14b1b8eb37f14
69,0x81e6bda677ab7626488ce86d15d4f0f044790004
70,0xabba8a3447c55f438eb0297e6de50304e7f003f6
71,0x08c1fe1d2c15ba4b084eda071baf6404261a0f23
72,0xf9fc2e1528a9c0dcea59ea71911924aec273c0dc
73,0xeca47a89d1a57ba1f81726255e19c442dc8a0061
74,0xa117ea824d7c99083d90ee3af7782cbe24ba1d95
75,0xe10c924a613e1683ed446f412a12db4d29f189ee
76,0x3df309f4984a0a2f8d02bee8ffd05831146f1f2e
77,0x7b1f1b8a900f1882ce5afcb949a14b1b8eb37f14
78,0xf5fc8be3db1aae317fd55e0d7c30219d30024e2e
79,0xa117ea824d7c99083d90ee3af7782cbe24ba1d95
80,0x0fb06273b43a96c1286aa2e23fc209fda089b12a
81,0x5bb30a3046e786f5e12e2656e175089cad735aec
82,0xca3d67ddd359275c48b5c6da802e21302a057204
83,0xfdbdd30c06a21fd8bc85bf5f25d03bad9c5048d9
84,0x929e52415ffde729fa7241b54e408fdbcc359e64
85,0xca3d67ddd359275c48b5c6da802e21302a057204
86,0x722e02a23aa29f5bcf9c809ae420bdedc8e0d772
87,0x801f105dffd644c39977ed7f7725d99b59fb1c2d
88,0xb3d53fb738460e32072ab8ccc8e30ca80037cbe3
89,0x9ff8978201bcf41c20ebc483a8654e9dfb34c3b5
90,0x28cab576d0f839e870998a621e028a4ce0d76a86
91,0xe61e59b8451b018f0212310ba44961c546dd398a
92,0x8bbb28a1b06225dc1f8d9a983cfdf87af1c35b3a
93,0x1908e7cd0304d4daf05e1cb578d0b923358c17c6
94,0x08540696731d4ad1dce86601a6cfc703a708671e
95,0x572aeaebd3f4070950f7fe0d29d0c1669b35d784
96,0x5291cdd9bdfe56791114ba872c0d8f864d7cc2a3
97,0xfc7af206e1a69f7886fb47ff8e1287fff4406d03
98,0xf5469855889e7ed214a7d2b0ac7585c530a1a7df
99,0x0fb06273b43a96c1286aa2e23fc209fda089b12a
100,0xca3d67ddd359275c48b5c6da802e21302a057204
101,0xb4a22d79110bd50342dcdc15079f966e883e7f0a
102,0x44f761afb1feeabf0ea04c9a1ac1f23f1647486a
103,0xca3d67ddd359275c48b5c6da802e21302a057204
104,0xb0d2fd1c30298d2476482782e1908b47d0054a4a
105,0x1890cd430b3485a38f4a6bed752712e5ad40dccb
106,0xa117ea824d7c99083d90ee3af7782cbe24ba1d95
107,0x5a7283ce9c4b72026c3d07ee9d604103fb351771
108,0xd0acb7595e105d140dfe62d002ad01c09f822dd3
109,0x56813bd1f3153186560abab66944d5ac5ad78967
110,0xc0085d891577fdc3f120a88edc67975ff5a18c3e
111,0x9c464d695c8c3968199aaabe51309484f9730ae9
112,0xf27af179f78bdb5f5377f709d5b2b438c2cb6694
113,0x601328c9df384e5f694f73a9dc5d2984ee80e5a0
114,0x67f6838e6d714c8bf94c9ef603aba4ea02939ad8
115,0xca3d67ddd359275c48b5c6da802e21302a057204
116,0x572aeaebd3f4070950f7fe0d29d0c1669b35d784
117,0x7f18076948b3e414a81113f05045f6c1408c3b0f
118,0x6ff57bb831329f0ae7c42f471c2675a25d63d744
119,0xf64d0179a44dbf228c749dd3d6531424d69b6ec0
120,0x73a937d26b518373e9ddb5715483e09a31332cea
121,0xa37f757652dc96228b3bf0fb26cd341a09500a1b
122,0xcf4ca3cf56923a1d70bb90a6eaec3eefe6e39ecc
123,0x2e903d666b07e26dfb73382a068b5c7c9392132c
124,0x83e7322328d902940c490634396860d875e448c2
125,0x176ec0881f5b9fe0313f926d0020f2d5ce7d186a
126,0xae5d235c7c24f06a14f25f3fa8906d536ffebb57
127,0x0fb06273b43a96c1286aa2e23fc209fda089b12a
128,0x819cfdadf66e4e20a6347aa90407ee22b3670318
129,0xb4a22d79110bd50342dcdc15079f966e883e7f0a
130,0xbbaf072bd4314864a21159a2404376624c2be579
131,0xf1bebadf6bc2aced07d72121e1772c1064b4b94e
132,0x7b1f1b8a900f1882ce5afcb949a14b1b8eb37f14
133,0xca3d67ddd359275c48b5c6da802e21302a057204
134,0xf5fc8be3db1aae317fd55e0d7c30219d30024e2e
135,0x58fa1c5fe79a8039cddd1e077d3c2beccf2f24c5
136,0x380edd6047364d31c91d9a44aeb4ea04481d4e7b
137,0x67f6838e6d714c8bf94c9ef603aba4ea02939ad8
138,0xc0085d891577fdc3f120a88edc67975ff5a18c3e
139,0x633d08ece0e7da898412247f3166bb092f618604
140,0xbd6ef1f63089e0ba11e8d2705473ad59381b616d
141,0xc2e9ae3ee72a276232a17ff7679837080cfc741e
142,0x47c81f07df3c4d927d2876fc16c0e04fb7521b37
143,0xab479062131b8e244c9a7af31a88a116ed8e9818
144,0xf5fc8be3db1aae317fd55e0d7c30219d30024e2e
145,0x40faebbca9316f50168e260a316373a86be8505f
146,0xef65cf8a7dbeb1fbf9e7ec5341b96c16424fd4de
147,0x801f105dffd644c39977ed7f7725d99b59fb1c2d
148,0x0fb06273b43a96c1286aa2e23fc209fda089b12a
149,0x5291cdd9bdfe56791114ba872c0d8f864d7cc2a3
150,0xf25ce180627aa0ffb0f3b77d153c35f694eab452
151,0x361f0e47871a75e94eee6e6f0e96f7f5909df8b4
152,0xbc214bc9974c96e80cec5dd93bb1fbb5681d2916
153,0xd8b108356e591f5f7a802baeaeeca6ed02e46234
154,0x4820f2ab74ea066a3e8825162bb9f82408171450
155,0x0d68e20d4e09aab69e44cfe3e272adc861989084
156,0x1381e41841714ebff9b96c7240fd1e257f85811a
157,0x0d68e20d4e09aab69e44cfe3e272adc861989084
158,0xb4a22d79110bd50342dcdc15079f966e883e7f0a
159,0x03594d72e895e4ecd716e472c84815233047e566
160,0xe88871f39c98963bf4e553765e574d27755a4052
161,0x601328c9df384e5f694f73a9dc5d2984ee80e5a0
162,0xf1bebadf6bc2aced07d72121e1772c1064b4b94e
163,0xb359aa55038332b8ed0653568d18273fa19fb1c8
164,0xf5fc8be3db1aae317fd55e0d7c30219d30024e2e
165,0xec3c0b9c89b20f0da7abb62a70b00f10a46c950d
166,0x271e9c06f79f7b54ff3c99259f2000cb53c4a600
167,0x1663c5b7afcc943c4384dfef7085f1a2daa41933
168,0x163c694e7a1b02cbb1841e4d4100e5fc48cd7c07
169,0xb07a5a23bebc5c257eec32bead24d8e25f22c322
170,0x0d68e20d4e09aab69e44cfe3e272adc861989084
171,0x55933bbe5c95dad58be3272a1e5e413238c0405a
172,0x2f95d792ab7c7643b42c053edfa83c3dca6be9fe
173,0xfb8f32feb6539cdb109aabdd5b566140a1a310cf
174,0xaa2c099cd2466d06bb6ff2ef2f8b42989cc00704
175,0xa590d64e768b169aada9d95edb56f826551bac96
176,0x6ff57bb831329f0ae7c42f471c2675a25d63d744
177,0x3572bfb2817e971812e85b565030feeecac10626
178,0x56813bd1f3153186560abab66944d5ac5ad78967
179,0xfc7af206e1a69f7886fb47ff8e1287fff4406d03
180,0x87e205e53d796ddd902b54e9ad4eb3e492dc36c8
181,0x0f78bcca510d3865c42a956afc811543eee9e736
182,0x0dc44e35103946f0d11aa03fbcabab0b88b05494
183,0xdff166df9a877b05da5a94953554f97342a2e541
184,0xa590d64e768b169aada9d95edb56f826551bac96
185,0x6ff57bb831329f0ae7c42f471c2675a25d63d744
186,0x74c5c82d9952bd6373b1d264ba02ccc02fa0ba25
187,0x0fb06273b43a96c1286aa2e23fc209fda089b12a
188,0x176ec0881f5b9fe0313f926d0020f2d5ce7d186a
189,0x2d4544b84ac6287009f6f79f29c15490ea284bc4
190,0x31fce4bf9a0ebf4fb433c08f3ae8e70882321136
191,0x9c464d695c8c3968199aaabe51309484f9730ae9
192,0xbd66574d24f7a1291074c12e7100ad44bba3f337
193,0xb4a22d79110bd50342dcdc15079f966e883e7f0a
194,0xbdb969a121d3bd526d90996d426e815c1e88652b
195,0x1663c5b7afcc943c4384dfef7085f1a2daa41933
196,0xef65cf8a7dbeb1fbf9e7ec5341b96c16424fd4de
197,0xf1bebadf6bc2aced07d72121e1772c1064b4b94e
198,0x6ff57bb831329f0ae7c42f471c2675a25d63d744
199,0xca3d67ddd359275c48b5c6da802e21302a057204
200,0xa1f3aadf441b5d011c2b9f07b04f80eb8d72db98
201,0xbaa8f2105587b26b5ee0d6e6aa073cd11198c851
202,0x08affa58383bed4d64e864e9d0e3481a6142b915
203,0x176ec0881f5b9fe0313f926d0020f2d5ce7d186a
204,0x0fb06273b43a96c1286aa2e23fc209fda089b12a
205,0x7b1f1b8a900f1882ce5afcb949a14b1b8eb37f14
206,0xb4a22d79110bd50342dcdc15079f966e883e7f0a
207,0x53c8e3ffe1ba6ecc0dde1a620025852233db0611
208,0xf27af179f78bdb5f5377f709d5b2b438c2cb6694
209,0x2106f3068ae38d77235bdf3e28f31177dcfaf951
210,0x96c2fdf0491b85af6163a518f33cb3c573c3d346
211,0xabba8a3447c55f438eb0297e6de50304e7f003f6
212,0xf10fc94e0710d19e434f0f809f4e6b0f413852c3
213,0x176ec0881f5b9fe0313f926d0020f2d5ce7d186a
214,0x0fb06273b43a96c1286aa2e23fc209fda089b12a
215,0x83e7322328d902940c490634396860d875e448c2
216,0xca3d67ddd359275c48b5c6da802e21302a057204
217,0xb284c9b4f91952368fd1679a5f5a7454c6394b31
218,0xf1bebadf6bc2aced07d72121e1772c1064b4b94e
219,0x0d68e20d4e09aab69e44cfe3e272adc861989084
220,0xfe954d62c4184b8336d41707645d2bfd1033d9cf
221,0x773ba05f8a152888acc88add541aa5c58b497f41
222,0x947b827d32d7ad53e11312e62d78ac95b6bbc77b
223,0x1981975114283eb3c80a46e066039213a27385ae
224,0x0658707bde046e990082b46dd91607e8ad147ac6
225,0x722e02a23aa29f5bcf9c809ae420bdedc8e0d772
226,0xf10fc94e0710d19e434f0f809f4e6b0f413852c3
227,0x5043144f14a4c726461d38ea862959c72700bc27
228,0x93032bf73b96528d1d8e1ce519992a873829f41d
229,0x35933db66b47fcdb5d4be2c8ebb58d677f820789
230,0xabba8a3447c55f438eb0297e6de50304e7f003f6
231,0xe62dca971bc81b850327740d6f2958dc7dcb1e62
232,0x043dcdd52e214d4df91d38d9c2409faab27d5b67
233,0x16d9824d530e4da55190b465a4b397a0572c6837
234,0x2b8bca83bec0a5ae27b80a8f038a52fe33f777bf
235,0x10e6af73abff319b8e1cdf665f6cc841e527c76f
236,0xe88871f39c98963bf4e553765e574d27755a4052
237,0x35933db66b47fcdb5d4be2c8ebb58d677f820789
238,0xc0085d891577fdc3f120a88edc67975ff5a18c3e
239,0x03aee4a451f86dee8d8f939c9ed54eced877ee6c
240,0xb573c976f7f84bf5fb2d8254c9e174e5ca520f05
241,0x0658707bde046e990082b46dd91607e8ad147ac6
242,0x9a85dc2a02fc29032bee1a34476812c4fcff8da5
243,0x572aeaebd3f4070950f7fe0d29d0c1669b35d784
244,0xa04418cd0d9867781f42027332d14133e57f540a
245,0xca3d67ddd359275c48b5c6da802e21302a057204
246,0xddea23815e842858f4aef6bff91c050700e81116
247,0x03594d72e895e4ecd716e472c84815233047e566
248,0x9ff8978201bcf41c20ebc483a8654e9dfb34c3b5
249,0xc2e9ae3ee72a276232a17ff7679837080cfc741e
250,0x5291cdd9bdfe56791114ba872c0d8f864d7cc2a3
251,0x83eba256dfb8bd566c2c5f35f8d6aa81163139ed
252,0x1e2347941a5fd7dcf6957a1c94afea0dfc68cf74
253,0x9c464d695c8c3968199aaabe51309484f9730ae9
254,0x572aeaebd3f4070950f7fe0d29d0c1669b35d784
255,0xe8c6dc712d590f31a0098e7aa84f4ebf88e80e7c
256,0x0658707bde046e990082b46dd91607e8ad147ac6
257,0xb3ee2f994e48b1a1ec4b8f16f5d1a1570c373511
258,0x176ec0881f5b9fe0313f926d0020f2d5ce7d186a
259,0xc0230a44cbcbad7b1a1c8f3a0de697c5fcdc439a
260,0x1b9af8b24298da886900f7c15aa2c2348c596619
261,0xf10fc94e0710d19e434f0f809f4e6b0f413852c3
262,0x81e6bda677ab7626488ce86d15d4f0f044790004
263,0x87e205e53d796ddd902b54e9ad4eb3e492dc36c8
264,0x63af303edef2af3d77b8b1a0b33666f9692a9542
265,0x0658707bde046e990082b46dd91607e8ad147ac6
266,0x999dd3bdb875cfa5b0817c2ecc2c0b8379999999
267,0x53c8e3ffe1ba6ecc0dde1a620025852233db0611
268,0xca3d67ddd359275c48b5c6da802e21302a057204
269,0x10e6af73abff319b8e1cdf665f6cc841e527c76f
270,0xbdb969a121d3bd526d90996d426e815c1e88652b
271,0x648e42c5dc65fbf8ce94314257ba76db1b84e2ec
272,0x176ec0881f5b9fe0313f926d0020f2d5ce7d186a
273,0xd88b2d4b5febf8d5f440de9f4e5e216f56fea1ba
274,0xb4a22d79110bd50342dcdc15079f966e883e7f0a
275,0xea1c5bf6644fdc26bee2cfae617596e460d9f300
276,0x459fc3bf7031454690a46730563e88f9baf5d7cd
277,0xca3d67ddd359275c48b5c6da802e21302a057204
278,0x1112c0a27ba6aadfae7394bc1cc27be3f89b97ec
279,0x81e6bda677ab7626488ce86d15d4f0f044790004
280,0xa04418cd0d9867781f42027332d14133e57f540a
281,0x670f191cf634b99a8753d90bff96d06ede177be4
282,0x67f6838e6d714c8bf94c9ef603aba4ea02939ad8
283,0xa04418cd0d9867781f42027332d14133e57f540a
284,0x0fb06273b43a96c1286aa2e23fc209fda089b12a
285,0x9dd9790372028087211e726c2992a9916b1cb8d8
286,0x47c81f07df3c4d927d2876fc16c0e04fb7521b37
287,0x01d1b45c3fdba8c475347365b224271a321eeacb
288,0xca3d67ddd359275c48b5c6da802e21302a057204
289,0x74c5c82d9952bd6373b1d264ba02ccc02fa0ba25
290,0xa37f757652dc96228b3bf0fb26cd341a09500a1b
291,0xdcebbcf2497ebdb4e87614d520e6f8e611821fb6
292,0xca3d67ddd359275c48b5c6da802e21302a057204
293,0xef65cf8a7dbeb1fbf9e7ec5341b96c16424fd4de
294,0xe58f3977f15c28daaa0463720ade94aca13d8024
295,0x9ff8978201bcf41c20ebc483a8654e9dfb34c3b5
296,0xbaa8f2105587b26b5ee0d6e6aa073cd11198c851
297,0x04ba1e0082c1abfee88e50b656a4264fae15d2e1
298,0x699427db930d6cc34a6820c00b4787824d8c02a3
299,0x665fcf029a157d583eb0c4c19232e378413641fa
300,0xd0122bf064400ae3b955f5f6e10d71bdacf26e48
301,0x7c653fe5ba38a17436e229f9a1206c35999b3438
302,0x0f78bcca510d3865c42a956afc811543eee9e736
303,0xe41d717559c4837cc455e8b12e7640e1ceb6ffc2
304,0xca3d67ddd359275c48b5c6da802e21302a057204
305,0x0d68e20d4e09aab69e44cfe3e272adc861989084
306,0xb4a22d79110bd50342dcdc15079f966e883e7f0a
307,0xca3d67ddd359275c48b5c6da802e21302a057204
308,0x21a8a2d548de8abe4880105ae2ede2d3b75e1f7d
309,0x8a1bdfdb9a6ba11dee57f7125bdd55ca54f651ea
310,0xa117ea824d7c99083d90ee3af7782cbe24ba1d95
311,0xc2402ddb90e98a4e2fe8f485ec1e6c5b85aeb41d
312,0x7b1f1b8a900f1882ce5afcb949a14b1b8eb37f14
313,0xb6b4f962540fefeaf5eede4f3edc40c1836614e2
314,0x0f78bcca510d3865c42a956afc811543eee9e736
315,0x0dc44e35103946f0d11aa03fbcabab0b88b05494
316,0x6911340d182b260f18f960a1a38b3b33356f7941
317,0xef65cf8a7dbeb1fbf9e7ec5341b96c16424fd4de
318,0xca3d67ddd359275c48b5c6da802e21302a057204
319,0x999dd3bdb875cfa5b0817c2ecc2c0b8379999999
320,0xb2b16a591f008757529980fe4bd750dc73fe379c
321,0x3ad9cc3e8eb0db9b779bf42524b99fdea3ef396c
322,0xff6708b2a786aeb4bf3967d17527fe4ac6e22c38
323,0x56813bd1f3153186560abab66944d5ac5ad78967
324,0xce54525940da9b31c0a823f68fc41df9c58dc6db
325,0xf10fc94e0710d19e434f0f809f4e6b0f413852c3
326,0xd733ed19c335a65369d3a6b85b22581b1413bf58
327,0x3f45b122d23c6c19e311f37cddcd47e86b545a69
328,0x01d1b45c3fdba8c475347365b224271a321eeacb
329,0xc0d6f97ca2ef376ae42defdca915bd27e6aaf4aa
330,0xca3d67ddd359275c48b5c6da802e21302a057204
331,0xca3d67ddd359275c48b5c6da802e21302a057204
332,0x999dd3bdb875cfa5b0817c2ecc2c0b8379999999
333,0x6b7780dee26d92dbe728d1b464c6abd75390aab2
334,0x2e903d666b07e26dfb73382a068b5c7c9392132c
335,0x8eef779818afa953b0652e45438423ebe089f55a
336,0x466f3cd7085b4aa8b11220ee1acef97c7162e140
337,0xbc214bc9974c96e80cec5dd93bb1fbb5681d2916
338,0x11ceee7422f7a0d12995747e530bf68c10160723
339,0x0e9890b4bfdce2088be85934661b19efe367d3c2
340,0x7cefe32ea05682e9ed76dcbe29e82faa91e0bf00
341,0xca3d67ddd359275c48b5c6da802e21302a057204
342,0xa022dd565a54a7ed787271d2c5ae3c9f18dfc2b6
343,0x05bf969be81043d3c42f9d158b22a430663ec2d3
344,0xb07a5a23bebc5c257eec32bead24d8e25f22c322
345,0xb4a22d79110bd50342dcdc15079f966e883e7f0a
346,0x699427db930d6cc34a6820c00b4787824d8c02a3
347,0xdf4c4035b07eacd6c8108b3e40c1890c5e9976e0
348,0x572aeaebd3f4070950f7fe0d29d0c1669b35d784
349,0xf05875882f0e38d7a60904d2b26d0ef40ec2410a
350,0x47f538cdfff4189b87a342585ea326c918598b74
351,0xca3d67ddd359275c48b5c6da802e21302a057204
352,0x3a1578235c8fb94a7720ad3bcabdd26e8b5c674d
353,0x0d68e20d4e09aab69e44cfe3e272adc861989084
354,0xb4a22d79110bd50342dcdc15079f966e883e7f0a
355,0x1663c5b7afcc943c4384dfef7085f1a2daa41933
356,0x9ff8978201bcf41c20ebc483a8654e9dfb34c3b5
357,0xca3d67ddd359275c48b5c6da802e21302a057204
358,0xb3d53fb738460e32072ab8ccc8e30ca80037cbe3
359,0xf27af179f78bdb5f5377f709d5b2b438c2cb6694
360,0x93032bf73b96528d1d8e1ce519992a873829f41d
361,0x3be3b9ea712b807c6546471db73242ec7e896c3f
362,0x5f7f2a48a0d46bc4404f7c6237786dff409d1078
363,0xbaa8f2105587b26b5ee0d6e6aa073cd11198c851
364,0xca3d67ddd359275c48b5c6da802e21302a057204
365,0xa590d64e768b169aada9d95edb56f826551bac96
366,0xc2e9ae3ee72a276232a17ff7679837080cfc741e
367,0x999dd3bdb875cfa5b0817c2ecc2c0b8379999999
368,0x10e6af73abff319b8e1cdf665f6cc841e527c76f
369,0x6ff57bb831329f0ae7c42f471c2675a25d63d744
370,0xc0085d891577fdc3f120a88edc67975ff5a18c3e
371,0x3d9b5980233e5945106141e1d5eca39bcc1486e5
372,0xac024b7fdf80c2a949619a2543f4ec8f1b48c7e0
373,0x3e9a44c18834ee7da036d1961e5a8712f6ed8870
374,0xdff166df9a877b05da5a94953554f97342a2e541
375,0xb65158e11049fb115edc670f58184a39c19935bc
376,0xaad43bbdee78ed16a2d9266b656ea929e7a86f2b
377,0x0fb06273b43a96c1286aa2e23fc209fda089b12a
378,0x1574d9bfafd3a83033c84a4c41b0bafbb6e9957a
379,0x722e02a23aa29f5bcf9c809ae420bdedc8e0d772
380,0xcc989acb5d840fb8b865278acfe79243e0f9e333
381,0x5049bdad4c90b5ccfca0aa145560aaf9472eb59a
382,0x1ca9e35f1e302a34b9c1e2afb63eee5dcd1f323e
383,0x6ff57bb831329f0ae7c42f471c2675a25d63d744
384,0x35933db66b47fcdb5d4be2c8ebb58d677f820789
385,0xfb8f32feb6539cdb109aabdd5b566140a1a310cf
386,0xca3d67ddd359275c48b5c6da802e21302a057204
387,0x53d155bf391540ed3696cf924a69e67a2d2c6462
388,0xdf4c4035b07eacd6c8108b3e40c1890c5e9976e0
389,0x3d9b5980233e5945106141e1d5eca39bcc1486e5
390,0x3df309f4984a0a2f8d02bee8ffd05831146f1f2e
391,0x81e6bda677ab7626488ce86d15d4f0f044790004
392,0x62625bb726341bd81fbb0698b2837765d1ff5ff0
393,0xef528c12d521b5d7ea5c287b84c4ea682114a6d6
394,0x041516b94329b126f9d7276138e11191637be5ea
395,0xca3d67ddd359275c48b5c6da802e21302a057204
396,0x035062d68dde4334e05bae66bf8973c8b5f795a2
397,0x1c25b6c97f885465f3ad55e394b74928e79704f6
398,0x0beaf3c0c8d7cb2c8a7e86b4dbad5147ff8d1523
399,0xdff166df9a877b05da5a94953554f97342a2e541
400,0xf10fc94e0710d19e434f0f809f4e6b0f413852c3
401,0x51196610ebb0e01a226cdfa8a1cb94dccb238947
402,0xc5cac0a0aeb5563497ce6062270d74bda10d8bbd
403,0xac024b7fdf80c2a949619a2543f4ec8f1b48c7e0
404,0xca3d67ddd359275c48b5c6da802e21302a057204
405,0x1890cd430b3485a38f4a6bed752712e5ad40dccb
406,0x3572bfb2817e971812e85b565030feeecac10626
407,0x58fa1c5fe79a8039cddd1e077d3c2beccf2f24c5
408,0xd6c8f76e448891e4d3d9c3eb0dbd6ff9434f474c
409,0xfc7af206e1a69f7886fb47ff8e1287fff4406d03
410,0x55933bbe5c95dad58be3272a1e5e413238c0405a
411,0xfc7af206e1a69f7886fb47ff8e1287fff4406d03
412,0xf5fc8be3db1aae317fd55e0d7c30219d30024e2e
413,0x035062d68dde4334e05bae66bf8973c8b5f795a2
414,0xfc7af206e1a69f7886fb47ff8e1287fff4406d03
415,0x90a9fada3e43fadc71f379bb58d21a35e37b989d
416,0xfc7af206e1a69f7886fb47ff8e1287fff4406d03
417,0xfc7af206e1a69f7886fb47ff8e1287fff4406d03
418,0xb4a22d79110bd50342dcdc15079f966e883e7f0a
419,0xfc7af206e1a69f7886fb47ff8e1287fff4406d03
420,0x9ff8978201bcf41c20ebc483a8654e9dfb34c3b5
421,0x0f78bcca510d3865c42a956afc811543eee9e736
422,0x0fb06273b43a96c1286aa2e23fc209fda089b12a
423,0xb4a22d79110bd50342dcdc15079f966e883e7f0a
424,0x1112c0a27ba6aadfae7394bc1cc27be3f89b97ec
425,0x5ec1e8b0ad7df91e1cabbd0dfd0b652ec54c7cc8
426,0xabba8a3447c55f438eb0297e6de50304e7f003f6
427,0x56813bd1f3153186560abab66944d5ac5ad78967
428,0x5bb30a3046e786f5e12e2656e175089cad735aec
429,0xca3d67ddd359275c48b5c6da802e21302a057204
430,0xc2e9ae3ee72a276232a17ff7679837080cfc741e
431,0xd781bf866fcd6c376c81533124ec57475cbd3e6c
432,0xfc7af206e1a69f7886fb47ff8e1287fff4406d03
433,0x035062d68dde4334e05bae66bf8973c8b5f795a2
434,0x9ff8978201bcf41c20ebc483a8654e9dfb34c3b5
435,0xb4a22d79110bd50342dcdc15079f966e883e7f0a
436,0xfc7af206e1a69f7886fb47ff8e1287fff4406d03
437,0x10e6af73abff319b8e1cdf665f6cc841e527c76f
438,0xce54525940da9b31c0a823f68fc41df9c58dc6db
439,0x4d9907ff3f4e6658359606d4ba8e15c9533d874b
440,0x42716e51285a9fafde6ae836bfd8f7f8cc88c7ea
441,0x03594d72e895e4ecd716e472c84815233047e566
442,0xcc989acb5d840fb8b865278acfe79243e0f9e333
443,0xf10fc94e0710d19e434f0f809f4e6b0f413852c3
444,0xc14db08a71928e14aff08de1d662680ebce60d95
445,0xca3d67ddd359275c48b5c6da802e21302a057204
446,0xb4a22d79110bd50342dcdc15079f966e883e7f0a
447,0xfc7af206e1a69f7886fb47ff8e1287fff4406d03
448,0xdbb60e1828c1c86ab1a6ffb490c0809bebc37713
449,0x5d3616e2e561d4e367706d5c83ff2b4e9a9f7c30
450,0xbc35d102f498b6acda7cec5168fb4b19d9255953
451,0xabba8a3447c55f438eb0297e6de50304e7f003f6
452,0x49eb51b48449e0bdf1ad2f2282bf183c765bf149
453,0x877978b43503272d11f0ff4843a784d9f4163c15
454,0x2f38deb76c75cb2e06925982034152043b3e651b
455,0x0ada5ff5513956461a690e3a897f8f25a1b6c3e8
456,0xc0085d891577fdc3f120a88edc67975ff5a18c3e
457,0xde06cee63eca7900d45002edf0e65a66f9200b11
458,0x947b827d32d7ad53e11312e62d78ac95b6bbc77b
459,0x4874f56aac3cffc8b964f8e4c8fee59599438a98
460,0x57277ca794122da76e3c0a4f17083aeee5c7914e
461,0x633d08ece0e7da898412247f3166bb092f618604
462,0x999dd3bdb875cfa5b0817c2ecc2c0b8379999999
463,0xcc989acb5d840fb8b865278acfe79243e0f9e333
464,0x7b1f1b8a900f1882ce5afcb949a14b1b8eb37f14
465,0x7c653fe5ba38a17436e229f9a1206c35999b3438
466,0xe61e59b8451b018f0212310ba44961c546dd398a
467,0x7c64fed307a2c69b5976435b864df46424550b62
468,0x1ca9e35f1e302a34b9c1e2afb63eee5dcd1f323e
469,0x019f52235319581784a404d9f3c80e4b03285ccd
470,0x0fb06273b43a96c1286aa2e23fc209fda089b12a
471,0xca3d67ddd359275c48b5c6da802e21302a057204
472,0x2d4544b84ac6287009f6f79f29c15490ea284bc4
473,0x0fb06273b43a96c1286aa2e23fc209fda089b12a
474,0xd27c1e29c73f266f52502629eec48168f91c1a07
475,0x08c1fe1d2c15ba4b084eda071baf6404261a0f23
476,0xff6708b2a786aeb4bf3967d17527fe4ac6e22c38
477,0xac024b7fdf80c2a949619a2543f4ec8f1b48c7e0
478,0x7b655d94d316aff184b2bdc231e220a2d82c11ee
479,0x03594d72e895e4ecd716e472c84815233047e566
480,0xca3d67ddd359275c48b5c6da802e21302a057204
481,0x8526e4f21d060ef0ef2e69d2a00392e82eefa63d
482,0xff6708b2a786aeb4bf3967d17527fe4ac6e22c38
483,0x126d53e2554771e143e8667fc3cb23731d380fdd
484,0x0fb06273b43a96c1286aa2e23fc209fda089b12a
485,0x719cca31bbc82f0274bb671311dc5a74a00e0c1f
486,0x48a4003f09a94d93abbd1931375404c77d38912d
487,0x4b25402d9071fbc5d63a4c1214e8538ce3f62bab
488,0x94a62fd9c228a2637fe5553cc0b8fffba41abcb7
489,0x8188ea7eacb503f6c1ea8f076781800b57e6403c
490,0x572aeaebd3f4070950f7fe0d29d0c1669b35d784
491,0xfc7af206e1a69f7886fb47ff8e1287fff4406d03
492,0xfb8f32feb6539cdb109aabdd5b566140a1a310cf
493,0x83eba256dfb8bd566c2c5f35f8d6aa81163139ed
494,0x1908e7cd0304d4daf05e1cb578d0b923358c17c6
495,0xb9dee5a24c8a90ce5eb7a3ffff234b7aabc8593a
496,0x5bb30a3046e786f5e12e2656e175089cad735aec
497,0x9ff8978201bcf41c20ebc483a8654e9dfb34c3b5
498,0xb36daaf6b7b2c1fa8a6b966d3cff08401040a7e9
499,0xdb7cb4e1438521c4c15cd6650818c1f5d778e5cd
500,0x7b655d94d316aff184b2bdc231e220a2d82c11ee
501,0xf73892a76d50cff31a601e24d603e80eadfb2f25
502,0x3d9b5980233e5945106141e1d5eca39bcc1486e5
503,0x6ff57bb831329f0ae7c42f471c2675a25d63d744
504,0x7c64fed307a2c69b5976435b864df46424550b62
505,0x5a7283ce9c4b72026c3d07ee9d604103fb351771
506,0x05bf969be81043d3c42f9d158b22a430663ec2d3
507,0x5bb30a3046e786f5e12e2656e175089cad735aec
508,0xf9197f4720817e5db093bbdc2f12d02a44ef9094
509,0xea1c5bf6644fdc26bee2cfae617596e460d9f300
510,0xf10fc94e0710d19e434f0f809f4e6b0f413852c3
511,0x62625bb726341bd81fbb0698b2837765d1ff5ff0
512,0xf1bebadf6bc2aced07d72121e1772c1064b4b94e
513,0xa10df901777b9729013451f02eac9756deb3d760
514,0x6ff57bb831329f0ae7c42f471c2675a25d63d744
515,0x3df309f4984a0a2f8d02bee8ffd05831146f1f2e
516,0x9ff8978201bcf41c20ebc483a8654e9dfb34c3b5
517,0x83e7322328d902940c490634396860d875e448c2
518,0xca3d67ddd359275c48b5c6da802e21302a057204
519,0x8eb5da5cdcc5d35685682e4e29afe80b0cbedb3f
520,0x2106f3068ae38d77235bdf3e28f31177dcfaf951
521,0xca3d67ddd359275c48b5c6da802e21302a057204
522,0x035062d68dde4334e05bae66bf8973c8b5f795a2
523,0x03594d72e895e4ecd716e472c84815233047e566
524,0xd430d2c7abe1880d696612c8b18f177d7ec5ed5f
525,0xdb7cb4e1438521c4c15cd6650818c1f5d778e5cd
526,0x93032bf73b96528d1d8e1ce519992a873829f41d
527,0x864d0e8f275c4706cc01e4b1f358dc7e3880dc12
528,0x01d1b45c3fdba8c475347365b224271a321eeacb
529,0x93032bf73b96528d1d8e1ce519992a873829f41d
530,0xabba8a3447c55f438eb0297e6de50304e7f003f6
531,0xfcc21592ea75d36118f9a8d9be2595a0fb947342
532,0x53f95f79fc93cfde0a4942afda17a814d41ce33b
533,0x7c64fed307a2c69b5976435b864df46424550b62
534,0xca3d67ddd359275c48b5c6da802e21302a057204
535,0x2be35cb484f2fe57866096188594ce37d61a48d5
536,0xd26af39cfb7e0a7518233f316026492137e88633
537,0x665fcf029a157d583eb0c4c19232e378413641fa
538,0x999dd3bdb875cfa5b0817c2ecc2c0b8379999999
539,0x648e42c5dc65fbf8ce94314257ba76db1b84e2ec
540,0x7b655d94d316aff184b2bdc231e220a2d82c11ee
541,0xc2e9ae3ee72a276232a17ff7679837080cfc741e
542,0xefd7272a3d93f9e1009adf5364af7759b295e470
543,0x699427db930d6cc34a6820c00b4787824d8c02a3
544,0x5bb30a3046e786f5e12e2656e175089cad735aec
545,0x97ca21260969d1b7ff92d9e5281984c60809447d
546,0xf05875882f0e38d7a60904d2b26d0ef40ec2410a
547,0x01d1b45c3fdba8c475347365b224271a321eeacb
548,0xbaa8f2105587b26b5ee0d6e6aa073cd11198c851
549,0xf05875882f0e38d7a60904d2b26d0ef40ec2410a
550,0x9ff8978201bcf41c20ebc483a8654e9dfb34c3b5
551,0x019f4d40393ef9075c10821ac1ffc9794e45051e
552,0x09e1777abc929b5e11e7bcbec8c63fa9fb311a62
553,0xf5469855889e7ed214a7d2b0ac7585c530a1a7df
554,0x1663c5b7afcc943c4384dfef7085f1a2daa41933
555,0xea1c5bf6644fdc26bee2cfae617596e460d9f300
556,0xb2f9b85b8ad7e2ba37c076501b03b842c1409878
557,0xc5cac0a0aeb5563497ce6062270d74bda10d8bbd
558,0x5501c9471bad074e44fdc1208db96e3ccdb89020
559,0x59e84bf3cc792b50f228ff7d53c9d0404fe37afc
560,0x0658707bde046e990082b46dd91607e8ad147ac6
561,0x999dd3bdb875cfa5b0817c2ecc2c0b8379999999
562,0x572aeaebd3f4070950f7fe0d29d0c1669b35d784
563,0x9ff8978201bcf41c20ebc483a8654e9dfb34c3b5
564,0x1dca5bfc6dec7e95d32f49f6ff96c152824d0bfe
565,0xdf4c4035b07eacd6c8108b3e40c1890c5e9976e0
566,0x01d1b45c3fdba8c475347365b224271a321eeacb
567,0xbc214bc9974c96e80cec5dd93bb1fbb5681d2916
568,0xb4a22d79110bd50342dcdc15079f966e883e7f0a
569,0xaac762a425157eaf9fd73109fd3a56be1e26e02d
570,0x83e7322328d902940c490634396860d875e448c2
571,0x03aee4a451f86dee8d8f939c9ed54eced877ee6c
572,0x81e6bda677ab7626488ce86d15d4f0f044790004
573,0x1908e7cd0304d4daf05e1cb578d0b923358c17c6
574,0xa117ea824d7c99083d90ee3af7782cbe24ba1d95
575,0x03aee4a451f86dee8d8f939c9ed54eced877ee6c
576,0x0d68e20d4e09aab69e44cfe3e272adc861989084
577,0x93032bf73b96528d1d8e1ce519992a873829f41d
578,0xabba8a3447c55f438eb0297e6de50304e7f003f6
579,0x3be3b9ea712b807c6546471db73242ec7e896c3f
580,0x5bb30a3046e786f5e12e2656e175089cad735aec
581,0xca3d67ddd359275c48b5c6da802e21302a057204
582,0x999dd3bdb875cfa5b0817c2ecc2c0b8379999999
583,0x7b655d94d316aff184b2bdc231e220a2d82c11ee
584,0xdff166df9a877b05da5a94953554f97342a2e541
585,0xca3d67ddd359275c48b5c6da802e21302a057204
586,0x0f78bcca510d3865c42a956afc811543eee9e736
587,0x2e903d666b07e26dfb73382a068b5c7c9392132c
588,0x03ea6113369c3ca8c9bc42dd082669427b042f73
589,0xa04418cd0d9867781f42027332d14133e57f540a
590,0xd33bbee4ab51228bbe2e8d960d0cb0816c7a020a
591,0x6ff57bb831329f0ae7c42f471c2675a25d63d744
592,0xf2925b1fd753f8450fdcab1514c387a15a76e28e
593,0x7c64fed307a2c69b5976435b864df46424550b62
594,0x6911340d182b260f18f960a1a38b3b33356f7941
595,0x01d1b45c3fdba8c475347365b224271a321eeacb
596,0x1ca9e35f1e302a34b9c1e2afb63eee5dcd1f323e
597,0xa117ea824d7c99083d90ee3af7782cbe24ba1d95
598,0x5501c9471bad074e44fdc1208db96e3ccdb89020
599,0xef65cf8a7dbeb1fbf9e7ec5341b96c16424fd4de
600,0x888e44eccad0dbc2afa7a7f4b1a65e14fc9cd561
601,0x7b655d94d316aff184b2bdc231e220a2d82c11ee
602,0xc2e9ae3ee72a276232a17ff7679837080cfc741e
603,0xca3d67ddd359275c48b5c6da802e21302a057204
604,0xf5fc8be3db1aae317fd55e0d7c30219d30024e2e
605,0x176ec0881f5b9fe0313f926d0020f2d5ce7d186a
606,0x57caeed29419eebb3589f504e4d38fc75e286405
607,0x4fb23b1859f1729484cd1a802ea719ba5e6c61b7
608,0x5c04450ba5443cc195e7aa7725688147cd0f1bb3
609,0x99999999995d964ff2b47b0f3a0675370905131e
610,0xad0cb631e8d9f4587fed85f129828486addfc54b
611,0xca3d67ddd359275c48b5c6da802e21302a057204
612,0x1663c5b7afcc943c4384dfef7085f1a2daa41933
613,0x70ec36ee89fcf3ca63ae487befbd35c90cad151e
614,0x01d1b45c3fdba8c475347365b224271a321eeacb
615,0x2106f3068ae38d77235bdf3e28f31177dcfaf951
616,0xc2e9ae3ee72a276232a17ff7679837080cfc741e
617,0xfe954d62c4184b8336d41707645d2bfd1033d9cf
618,0x6ff57bb831329f0ae7c42f471c2675a25d63d744
619,0xc2e9ae3ee72a276232a17ff7679837080cfc741e
620,0xf53e11a5f9e64a46dbf46a4bf48519358d87e2ab
621,0x5501c9471bad074e44fdc1208db96e3ccdb89020
622,0x632bde3e0d7389c0db45d9eaf26975957836c795
623,0xca3d67ddd359275c48b5c6da802e21302a057204
624,0xca3d67ddd359275c48b5c6da802e21302a057204
625,0xcea8bd8ac4e67ccac2eca0d180f4878d5a010861
626,0x87e205e53d796ddd902b54e9ad4eb3e492dc36c8
627,0x1c25b6c97f885465f3ad55e394b74928e79704f6
628,0x019f52235319581784a404d9f3c80e4b03285ccd
629,0xdf4c4035b07eacd6c8108b3e40c1890c5e9976e0
630,0x03594d72e895e4ecd716e472c84815233047e566
631,0xca3d67ddd359275c48b5c6da802e21302a057204
632,0xc5cac0a0aeb5563497ce6062270d74bda10d8bbd
633,0x176ec0881f5b9fe0313f926d0020f2d5ce7d186a
634,0xdf4c4035b07eacd6c8108b3e40c1890c5e9976e0
635,0xef528c12d521b5d7ea5c287b84c4ea682114a6d6
636,0x53c8e3ffe1ba6ecc0dde1a620025852233db0611
637,0x572aeaebd3f4070950f7fe0d29d0c1669b35d784
638,0x7b655d94d316aff184b2bdc231e220a2d82c11ee
639,0x03594d72e895e4ecd716e472c84815233047e566
640,0x16d9824d530e4da55190b465a4b397a0572c6837
641,0xcd211569a108fdac74d729ba7358a743a3c2e08d
642,0xc5cac0a0aeb5563497ce6062270d74bda10d8bbd
643,0xca3d67ddd359275c48b5c6da802e21302a057204
644,0x271e9c06f79f7b54ff3c99259f2000cb53c4a600
645,0xf5394cf14abc8a1cecd445d95a12b6d7c490e2f0
646,0xc5cac0a0aeb5563497ce6062270d74bda10d8bbd
647,0xca3d67ddd359275c48b5c6da802e21302a057204
648,0xfe954d62c4184b8336d41707645d2bfd1033d9cf
649,0xa117ea824d7c99083d90ee3af7782cbe24ba1d95
650,0x5a6d8689a3286e09ca54b0106bdc7dc795a8588e
651,0x9c464d695c8c3968199aaabe51309484f9730ae9
652,0x5bb30a3046e786f5e12e2656e175089cad735aec
653,0x8eb5da5cdcc5d35685682e4e29afe80b0cbedb3f
654,0x79f1529530d6fe13d54bbb10194d31a418f699ed
655,0x8bbb28a1b06225dc1f8d9a983cfdf87af1c35b3a
656,0x3ad9cc3e8eb0db9b779bf42524b99fdea3ef396c
657,0xca3d67ddd359275c48b5c6da802e21302a057204
658,0x35933db66b47fcdb5d4be2c8ebb58d677f820789
659,0x176ec0881f5b9fe0313f926d0020f2d5ce7d186a
660,0xef528c12d521b5d7ea5c287b84c4ea682114a6d6
661,0x45c85ed069d142412855e1469ed4ed39b5ee4978
662,0xbaa8f2105587b26b5ee0d6e6aa073cd11198c851
663,0x45c85ed069d142412855e1469ed4ed39b5ee4978
664,0x0f78bcca510d3865c42a956afc811543eee9e736
665,0x9ff8978201bcf41c20ebc483a8654e9dfb34c3b5
666,0x999dd3bdb875cfa5b0817c2ecc2c0b8379999999
667,0xa117ea824d7c99083d90ee3af7782cbe24ba1d95
668,0xdf4c4035b07eacd6c8108b3e40c1890c5e9976e0
669,0x4ce5687f8f457b8a6a54adeedc18bf106e73155e
670,0xb4a22d79110bd50342dcdc15079f966e883e7f0a
671,0x9ff8978201bcf41c20ebc483a8654e9dfb34c3b5
672,0x6911340d182b260f18f960a1a38b3b33356f7941
673,0x08c1fe1d2c15ba4b084eda071baf6404261a0f23
674,0xf27af179f78bdb5f5377f709d5b2b438c2cb6694
675,0xf9fc2e1528a9c0dcea59ea71911924aec273c0dc
676,0xee55583ce4f64791b30451156f1141fcea0aae04
677,0xfb8f32feb6539cdb109aabdd5b566140a1a310cf
678,0xb4a22d79110bd50342dcdc15079f966e883e7f0a
679,0xf5469855889e7ed214a7d2b0ac7585c530a1a7df
680,0xddc486e5ca2507830bccd54ebfcefd3e34d106de
681,0x4874f56aac3cffc8b964f8e4c8fee59599438a98
682,0xa117ea824d7c99083d90ee3af7782cbe24ba1d95
683,0xfe954d62c4184b8336d41707645d2bfd1033d9cf
684,0x9247f8142ac5ed8ce991d5f8753e325e4596b586
685,0x0d68e20d4e09aab69e44cfe3e272adc861989084
686,0xca3d67ddd359275c48b5c6da802e21302a057204
687,0x08c1fe1d2c15ba4b084eda071baf6404261a0f23
688,0xca3d67ddd359275c48b5c6da802e21302a057204
689,0x03594d72e895e4ecd716e472c84815233047e566
690,0xa96dbc0da0635b899ad31441126d297cbf9a6640
691,0xc5cac0a0aeb5563497ce6062270d74bda10d8bbd
692,0x76518265b89c02a70388bfbeeea2537bee280375
693,0xb4a22d79110bd50342dcdc15079f966e883e7f0a
694,0xca3d67ddd359275c48b5c6da802e21302a057204
695,0xb991175200a225f124c7bb820751411144d03552
696,0x5f56efdfe405b6192da2170d2026a565081bb971
697,0xd10a23616b357072ede2cef2dd72d0aa9ad065e7
698,0xca3d67ddd359275c48b5c6da802e21302a057204
699,0xf2925b1fd753f8450fdcab1514c387a15a76e28e
700,0x2d69973d034c949a3a19fbe2f1a2e0f9edfd807c
701,0xa1f3aadf441b5d011c2b9f07b04f80eb8d72db98
702,0x2fe616a39c6b486046052c40187c9f6450776cd0
703,0x26084ad3c4fe94f9e35e1a6d1d7855e83060a290
704,0xcd211569a108fdac74d729ba7358a743a3c2e08d
705,0x699427db930d6cc34a6820c00b4787824d8c02a3
706,0x08c1fe1d2c15ba4b084eda071baf6404261a0f23
707,0x9c464d695c8c3968199aaabe51309484f9730ae9
708,0x3ad9cc3e8eb0db9b779bf42524b99fdea3ef396c
709,0xb4a22d79110bd50342dcdc15079f966e883e7f0a
710,0xca3d67ddd359275c48b5c6da802e21302a057204
711,0x7b655d94d316aff184b2bdc231e220a2d82c11ee
712,0x3be3b9ea712b807c6546471db73242ec7e896c3f
713,0x03594d72e895e4ecd716e472c84815233047e566
714,0x6199216dff72b13a86d7d26c0ff1e1ab9664f873
715,0x20efbfe4a1630698ac734612e5a7a05fcd8e5f4f
716,0x401d35efc11c8d88c08427ebd95a2f96ec20729a
717,0x93032bf73b96528d1d8e1ce519992a873829f41d
718,0x53c8e3ffe1ba6ecc0dde1a620025852233db0611
719,0xa590d64e768b169aada9d95edb56f826551bac96
720,0xcea8bd8ac4e67ccac2eca0d180f4878d5a010861
721,0xbc214bc9974c96e80cec5dd93bb1fbb5681d2916
722,0x73a937d26b518373e9ddb5715483e09a31332cea
723,0x3f3fdd1ee0653c12effe705bffc2c49a640c68dc
724,0xca3d67ddd359275c48b5c6da802e21302a057204
725,0xabba8a3447c55f438eb0297e6de50304e7f003f6
726,0xf00a6e542068b0d03263b4bb4f3c89d838729791
727,0xb4a22d79110bd50342dcdc15079f966e883e7f0a
728,0xca3d67ddd359275c48b5c6da802e21302a057204
729,0x72194d9494cabfc1db410c3683a36ef17af738d0
730,0x67f6838e6d714c8bf94c9ef603aba4ea02939ad8
731,0x6ff57bb831329f0ae7c42f471c2675a25d63d744
732,0x572aeaebd3f4070950f7fe0d29d0c1669b35d784
733,0x1663c5b7afcc943c4384dfef7085f1a2daa41933
734,0xdcebbcf2497ebdb4e87614d520e6f8e611821fb6
735,0x77c3a19abfe8768d08f90184ca79749d4d4969c2
736,0x633d08ece0e7da898412247f3166bb092f618604
737,0x2d4544b84ac6287009f6f79f29c15490ea284bc4
738,0xaf19cc888b904435ebd123d978bee889e4406786
739,0xcea8bd8ac4e67ccac2eca0d180f4878d5a010861
740,0xca3d67ddd359275c48b5c6da802e21302a057204
741,0xcc989acb5d840fb8b865278acfe79243e0f9e333
742,0x5d36b6cecf227a1a06db22e23a450a6b7dbe3490
743,0x7b655d94d316aff184b2bdc231e220a2d82c11ee
744,0xcc989acb5d840fb8b865278acfe79243e0f9e333
745,0xb4a22d79110bd50342dcdc15079f966e883e7f0a
746,0xca3d67ddd359275c48b5c6da802e21302a057204
747,0xe58f3977f15c28daaa0463720ade94aca13d8024
748,0x999dd3bdb875cfa5b0817c2ecc2c0b8379999999
749,0x2106f3068ae38d77235bdf3e28f31177dcfaf951
750,0x238812b983bf6007800c5d0db40e0a3ec15832d0
751,0x2106f3068ae38d77235bdf3e28f31177dcfaf951
752,0x459fc3bf7031454690a46730563e88f9baf5d7cd
753,0x1ab2fb3fef2a6d4427747cab1091b81b3a0b6b72
754,0x5f7a49396e581458db0bd6da2e5c24f468d7d338
755,0x7c653fe5ba38a17436e229f9a1206c35999b3438
756,0xa7ad2ac7a9775fb305fd7651e011b608bef9d70c
757,0xf73892a76d50cff31a601e24d603e80eadfb2f25
758,0x999dd3bdb875cfa5b0817c2ecc2c0b8379999999
759,0xf27af179f78bdb5f5377f709d5b2b438c2cb6694
760,0x94ac94fe3b4522c93b45d2cfdd128ee948115573
761,0x47f538cdfff4189b87a342585ea326c918598b74
762,0xe88871f39c98963bf4e553765e574d27755a4052
763,0x7b1f1b8a900f1882ce5afcb949a14b1b8eb37f14
764,0x5bb30a3046e786f5e12e2656e175089cad735aec
765,0x2dd1adf6ef88766105746fec96435dad191b04bb
766,0xca3d67ddd359275c48b5c6da802e21302a057204
767,0xdff166df9a877b05da5a94953554f97342a2e541
768,0x1ab2fb3fef2a6d4427747cab1091b81b3a0b6b72
769,0x2dd1adf6ef88766105746fec96435dad191b04bb
770,0x47c81f07df3c4d927d2876fc16c0e04fb7521b37
771,0x4a662531ac19eb5f74c09a9118d5dbc19021a9ef
772,0x0f78bcca510d3865c42a956afc811543eee9e736
773,0x10e6af73abff319b8e1cdf665f6cc841e527c76f
774,0xa84210d58c30ec7e3dc65f13f05dceee7d9c22ae
775,0x0d68e20d4e09aab69e44cfe3e272adc861989084
776,0xbedfe0e9337755629bb6c06e982666434955cc80
777,0x75d149b0dd2d9e760314cd8e4091f5cd76e2723d
778,0x0d68e20d4e09aab69e44cfe3e272adc861989084
779,0xf6403947dbcb581178778279b29281f9a0dcaf18
780,0x7b08da9908b2976d8f70a6750d558dfb6842a8cd
781,0xca3d67ddd359275c48b5c6da802e21302a057204
782,0xa117ea824d7c99083d90ee3af7782cbe24ba1d95
783,0x2106f3068ae38d77235bdf3e28f31177dcfaf951
784,0x5291cdd9bdfe56791114ba872c0d8f864d7cc2a3
785,0x4ce5687f8f457b8a6a54adeedc18bf106e73155e
786,0x10e6af73abff319b8e1cdf665f6cc841e527c76f
787,0xf1bebadf6bc2aced07d72121e1772c1064b4b94e
788,0x999dd3bdb875cfa5b0817c2ecc2c0b8379999999
789,0x2106f3068ae38d77235bdf3e28f31177dcfaf951
790,0x9ff8978201bcf41c20ebc483a8654e9dfb34c3b5
791,0x2106f3068ae38d77235bdf3e28f31177dcfaf951
792,0x572aeaebd3f4070950f7fe0d29d0c1669b35d784
793,0xcaf0097e5787debf4ccbb91224299793948738ff
794,0xc6293e8fc94b520daf1af08b1dd5f188b2488f78
795,0x867ec073373177fe4f880e99da9079e77f35ef89
796,0x0519cad4973844dfee19d1f9f5a09fb9b3f824cb
797,0xc0085d891577fdc3f120a88edc67975ff5a18c3e
798,0xa04418cd0d9867781f42027332d14133e57f540a
799,0x4053ff83ccac6506129506e2a5bc3a2cacd8e7f3
800,0x1908e7cd0304d4daf05e1cb578d0b923358c17c6
801,0xca3d67ddd359275c48b5c6da802e21302a057204
802,0x83eba256dfb8bd566c2c5f35f8d6aa81163139ed
803,0xc5cac0a0aeb5563497ce6062270d74bda10d8bbd
804,0x1c25b6c97f885465f3ad55e394b74928e79704f6
805,0x999dd3bdb875cfa5b0817c2ecc2c0b8379999999
806,0x32548949f2ddc32c8d4f1fa8a957db28f962af74
807,0xc5cac0a0aeb5563497ce6062270d74bda10d8bbd
808,0xf5fc8be3db1aae317fd55e0d7c30219d30024e2e
809,0x0d68e20d4e09aab69e44cfe3e272adc861989084
810,0xef65cf8a7dbeb1fbf9e7ec5341b96c16424fd4de
811,0x5291cdd9bdfe56791114ba872c0d8f864d7cc2a3
812,0x35933db66b47fcdb5d4be2c8ebb58d677f820789
813,0xb4a22d79110bd50342dcdc15079f966e883e7f0a
814,0xb0d2fd1c30298d2476482782e1908b47d0054a4a
815,0x0f78bcca510d3865c42a956afc811543eee9e736
816,0xca3d67ddd359275c48b5c6da802e21302a057204
817,0x9b530326e5cdbd0696f454ec931fa2ae3fe96291
818,0xf6403947dbcb581178778279b29281f9a0dcaf18
819,0xb4a22d79110bd50342dcdc15079f966e883e7f0a
820,0x5bb30a3046e786f5e12e2656e175089cad735aec
821,0x93032bf73b96528d1d8e1ce519992a873829f41d
822,0x2fd453648b2d77f8b708d1d6ba1796f8ca197e90
823,0xc2e9ae3ee72a276232a17ff7679837080cfc741e
824,0x0ce44448a550a94bee14ea19cdbd450a5cadbfe5
825,0x907a9ad5d6a6f173eb9be24e1f13e4daf8295d53
826,0x5bb30a3046e786f5e12e2656e175089cad735aec
827,0xc34b2de2f7d84bcba93a063112ae542428d987bc
828,0x00b2c1124270349e066e7878f5f4f219ddcad7e1
829,0x8959f4676f31b8972a2b2f20f321d93d00c36e44
830,0x5a7283ce9c4b72026c3d07ee9d604103fb351771
831,0x7410c82e57f44f81d7b11692a8fc22ff139ecb8d
832,0xb4a22d79110bd50342dcdc15079f966e883e7f0a
833,0x64f80df45f59b88939aa3e7c2b9f0b21b7a9a2ed
834,0xb36daaf6b7b2c1fa8a6b966d3cff08401040a7e9
835,0xec3c0b9c89b20f0da7abb62a70b00f10a46c950d
836,0x45c85ed069d142412855e1469ed4ed39b5ee4978
837,0xca3d67ddd359275c48b5c6da802e21302a057204
838,0x35933db66b47fcdb5d4be2c8ebb58d677f820789
839,0x64d65e1c4f2e70dc1114f14c6505678c048da7ec
840,0x008edba1ca61815e9ad75a12064932ecdc3213c6
841,0x271e9c06f79f7b54ff3c99259f2000cb53c4a600
842,0x1663c5b7afcc943c4384dfef7085f1a2daa41933
843,0xc6293e8fc94b520daf1af08b1dd5f188b2488f78
844,0xf1809ecbba48cea54006cdef392d42a070361c8a
845,0x83e7322328d902940c490634396860d875e448c2
846,0x1d8bf41039d9087607aa1b6c0adc9df7006781b5
847,0xb4a22d79110bd50342dcdc15079f966e883e7f0a
848,0xc5cac0a0aeb5563497ce6062270d74bda10d8bbd
849,0x10e6af73abff319b8e1cdf665f6cc841e527c76f
850,0xef65cf8a7dbeb1fbf9e7ec5341b96c16424fd4de
851,0xc8687061353f77996afe3f806f8b634a16da4a72
852,0x5bb30a3046e786f5e12e2656e175089cad735aec
853,0x99999999995d964ff2b47b0f3a0675370905131e
854,0xf5fc8be3db1aae317fd55e0d7c30219d30024e2e
855,0x999dd3bdb875cfa5b0817c2ecc2c0b8379999999
856,0x73a937d26b518373e9ddb5715483e09a31332cea
857,0x03594d72e895e4ecd716e472c84815233047e566
858,0x75d149b0dd2d9e760314cd8e4091f5cd76e2723d
859,0xaf19cc888b904435ebd123d978bee889e4406786
860,0x26c84247042d827c4e03da34d88a36896c744a81
861,0xff6708b2a786aeb4bf3967d17527fe4ac6e22c38
862,0x176ec0881f5b9fe0313f926d0020f2d5ce7d186a
863,0xe88871f39c98963bf4e553765e574d27755a4052
864,0x0f78bcca510d3865c42a956afc811543eee9e736
865,0x0f78bcca510d3865c42a956afc811543eee9e736
866,0xc0085d891577fdc3f120a88edc67975ff5a18c3e
867,0x79f1529530d6fe13d54bbb10194d31a418f699ed
868,0x877978b43503272d11f0ff4843a784d9f4163c15
869,0x40faebbca9316f50168e260a316373a86be8505f
870,0xf5fc8be3db1aae317fd55e0d7c30219d30024e2e
871,0xca3d67ddd359275c48b5c6da802e21302a057204
872,0xc2402ddb90e98a4e2fe8f485ec1e6c5b85aeb41d
873,0x83eba256dfb8bd566c2c5f35f8d6aa81163139ed
874,0xb4a22d79110bd50342dcdc15079f966e883e7f0a
875,0xca3d67ddd359275c48b5c6da802e21302a057204
876,0xca3d67ddd359275c48b5c6da802e21302a057204
877,0xe8c6dc712d590f31a0098e7aa84f4ebf88e80e7c
878,0xca3d67ddd359275c48b5c6da802e21302a057204
879,0x9ff8978201bcf41c20ebc483a8654e9dfb34c3b5
880,0x5859323fe439464348986babeeafef2448adba87
881,0x1663c5b7afcc943c4384dfef7085f1a2daa41933
882,0x47c81f07df3c4d927d2876fc16c0e04fb7521b37
883,0xaf19cc888b904435ebd123d978bee889e4406786
884,0xef65cf8a7dbeb1fbf9e7ec5341b96c16424fd4de
885,0xebe2730464c35dc5296e3f0f6cbaa8ba6f03264c
886,0xf5fc8be3db1aae317fd55e0d7c30219d30024e2e
887,0x1edf4a63ed081aa473e6c764e59931c37d70d10d
888,0xebe2730464c35dc5296e3f0f6cbaa8ba6f03264c
889,0x03f68b8294109a2285cbf7dfe3fa3cee253f998c
890,0xf27af179f78bdb5f5377f709d5b2b438c2cb6694
891,0xeca47a89d1a57ba1f81726255e19c442dc8a0061
892,0x1663c5b7afcc943c4384dfef7085f1a2daa41933
893,0x9ff8978201bcf41c20ebc483a8654e9dfb34c3b5
894,0x4a021052e5a9891286c1c9d638ba5a7fe80de72b
895,0x76ae6e0e805a6bf3a8ef87ef8dd35b6350993d1e
896,0xb4a22d79110bd50342dcdc15079f966e883e7f0a
897,0x0f6fe18da8f7d02d7b78966bbd0c3fd4043ec234
898,0x698f616e44c87064f61e63ed36a390eca448f673
899,0xca3d67ddd359275c48b5c6da802e21302a057204
900,0xebe2730464c35dc5296e3f0f6cbaa8ba6f03264c
901,0xca3d67ddd359275c48b5c6da802e21302a057204
902,0x40faebbca9316f50168e260a316373a86be8505f
903,0xa117ea824d7c99083d90ee3af7782cbe24ba1d95
904,0xec3c0b9c89b20f0da7abb62a70b00f10a46c950d
905,0x9ff8978201bcf41c20ebc483a8654e9dfb34c3b5
906,0xb4a22d79110bd50342dcdc15079f966e883e7f0a
907,0x9126f63bb20cc328a20fcb1562f5116b190ac8b4
908,0xc6a5ec0aadf2acdad282790cf8f691c1b3d7b45f
909,0x999dd3bdb875cfa5b0817c2ecc2c0b8379999999
910,0xf10fc94e0710d19e434f0f809f4e6b0f413852c3
911,0xebe2730464c35dc5296e3f0f6cbaa8ba6f03264c
912,0x176ec0881f5b9fe0313f926d0020f2d5ce7d186a
913,0x238812b983bf6007800c5d0db40e0a3ec15832d0
914,0x66d553fc81aa8f6f696f6e54c30120086542761d
915,0xd7b724db96ff438fc3a356af8dac55991b962624
916,0xf10fc94e0710d19e434f0f809f4e6b0f413852c3
917,0x66d553fc81aa8f6f696f6e54c30120086542761d
918,0xd781bf866fcd6c376c81533124ec57475cbd3e6c
919,0x66d553fc81aa8f6f696f6e54c30120086542761d
920,0x66d553fc81aa8f6f696f6e54c30120086542761d
921,0x81e6bda677ab7626488ce86d15d4f0f044790004
922,0x66d553fc81aa8f6f696f6e54c30120086542761d
923,0x66d553fc81aa8f6f696f6e54c30120086542761d
924,0x11ceee7422f7a0d12995747e530bf68c10160723
925,0x66d553fc81aa8f6f696f6e54c30120086542761d
926,0x35933db66b47fcdb5d4be2c8ebb58d677f820789
927,0xab479062131b8e244c9a7af31a88a116ed8e9818
928,0x66d553fc81aa8f6f696f6e54c30120086542761d
929,0xda73a58f632ab9a3f095a304275ad10093c1ce88
930,0x632bde3e0d7389c0db45d9eaf26975957836c795
931,0x0a184a2d50d2834dd7acdc0c944b9e8db5de4666
932,0x63af303edef2af3d77b8b1a0b33666f9692a9542
933,0xca3d67ddd359275c48b5c6da802e21302a057204
934,0xb2f9b85b8ad7e2ba37c076501b03b842c1409878
935,0x66d553fc81aa8f6f696f6e54c30120086542761d
936,0xc75eb11c86a2c963e7029076f06430fcbd445b19
937,0x66d553fc81aa8f6f696f6e54c30120086542761d
938,0xd7bd14c77c150c8508f0490f5836f27e08f984c2
939,0x11ceee7422f7a0d12995747e530bf68c10160723
940,0x11ceee7422f7a0d12995747e530bf68c10160723
941,0x08c1fe1d2c15ba4b084eda071baf6404261a0f23
942,0x572aeaebd3f4070950f7fe0d29d0c1669b35d784
943,0x447ad56b4452bf9ed2968f3382d29c7afa1a3a4c
944,0x03594d72e895e4ecd716e472c84815233047e566
945,0x9247f8142ac5ed8ce991d5f8753e325e4596b586
946,0x5f189c6a0e1f4106cf09f8736d341da300b79fa9
947,0xef65cf8a7dbeb1fbf9e7ec5341b96c16424fd4de
948,0x11ceee7422f7a0d12995747e530bf68c10160723
949,0xc606e1d27120fc4856def95da5afb1d3cfd054fb
950,0xef65cf8a7dbeb1fbf9e7ec5341b96c16424fd4de
951,0x83eba256dfb8bd566c2c5f35f8d6aa81163139ed
952,0x0f78bcca510d3865c42a956afc811543eee9e736
953,0xae5d235c7c24f06a14f25f3fa8906d536ffebb57
954,0xca3d67ddd359275c48b5c6da802e21302a057204
955,0x5a6d8689a3286e09ca54b0106bdc7dc795a8588e
956,0x0f78bcca510d3865c42a956afc811543eee9e736
957,0xeaa9f01f8b84ae1e35d49397e3319edf8214d935
958,0xffa9ac95a76cd55be2893965a1e471b9cfdc7284
959,0x4831bd2e5d6ab2568870f963fef1d96bd8c43546
960,0x35933db66b47fcdb5d4be2c8ebb58d677f820789
961,0x0f78bcca510d3865c42a956afc811543eee9e736
962,0xb4a22d79110bd50342dcdc15079f966e883e7f0a
963,0x47086824ac42fffcb2d99e8606b74533a77a337c
964,0xf53e11a5f9e64a46dbf46a4bf48519358d87e2ab
965,0x7c653fe5ba38a17436e229f9a1206c35999b3438
966,0x5f7a49396e581458db0bd6da2e5c24f468d7d338
967,0x7b1f1b8a900f1882ce5afcb949a14b1b8eb37f14
968,0x81e6bda677ab7626488ce86d15d4f0f044790004
969,0x819bde0674ed99ffbed554ed425903516517502c
970,0x2106f3068ae38d77235bdf3e28f31177dcfaf951
971,0x5b8970a3cf1136f09957c7ccd9b42edd3c0153ab
972,0xff6708b2a786aeb4bf3967d17527fe4ac6e22c38
973,0xac503ccf0a27aea1e1b2a599754ee92c1fbddbfa
974,0xc606e1d27120fc4856def95da5afb1d3cfd054fb
975,0xe41d717559c4837cc455e8b12e7640e1ceb6ffc2
976,0x572aeaebd3f4070950f7fe0d29d0c1669b35d784
977,0x0fb06273b43a96c1286aa2e23fc209fda089b12a
978,0x9f43338c57677a170c6e728f8dc1821835830c68
979,0x45c85ed069d142412855e1469ed4ed39b5ee4978
980,0xca3d67ddd359275c48b5c6da802e21302a057204
981,0xcd211569a108fdac74d729ba7358a743a3c2e08d
982,0xa117ea824d7c99083d90ee3af7782cbe24ba1d95
983,0x315d07409d6adb05417aafdf5cd33393580c3fc8
984,0xf5fc8be3db1aae317fd55e0d7c30219d30024e2e
985,0x1112c0a27ba6aadfae7394bc1cc27be3f89b97ec
986,0xb4a22d79110bd50342dcdc15079f966e883e7f0a
987,0xfd8a0937f6398cd70b921f2244e3aa03682a1f93
988,0xa117ea824d7c99083d90ee3af7782cbe24ba1d95
989,0xabba8a3447c55f438eb0297e6de50304e7f003f6
990,0xbaa8f2105587b26b5ee0d6e6aa073cd11198c851
991,0x2e903d666b07e26dfb73382a068b5c7c9392132c
992,0xdf4c4035b07eacd6c8108b3e40c1890c5e9976e0
993,0x6911340d182b260f18f960a1a38b3b33356f7941
994,0xcd211569a108fdac74d729ba7358a743a3c2e08d
995,0xfb8f32feb6539cdb109aabdd5b566140a1a310cf
996,0x1908e7cd0304d4daf05e1cb578d0b923358c17c6
997,0x2106f3068ae38d77235bdf3e28f31177dcfaf951
998,0xfe954d62c4184b8336d41707645d2bfd1033d9cf
999,0x207b509bfde324e0a551ff75dc2525661d910aba
