token_id,name,source,稀有度,角色,姿势,五官,贴图,衣服,配饰,背景,特效,见证者,画质
1,牛来 #0001,ipfs-original,稀有,牛妈,单手举起,少了一只眼,UV接缝可见,黑皮夹克,无,影厅,加场印章,云雀在场,影院翻拍
2,牛来 #0002,ipfs-original,普通,云雀,直立呆站,五星眼,原厂贴图,无,无,荒漠,无,云雀缺席,影院翻拍
3,牛来 #0003,ipfs-original,普通,云雀,直立呆站,豆眼,原厂贴图,无,保龄球果子,牛角古树,无,云雀缺席,影院翻拍
4,牛来 #0004,ipfs-original,史诗,牛来,直立呆站,少了一只眼,UV接缝可见,无,电影票根,梦境,票房计数器,云雀缺席,影院翻拍
5,牛来 #0005,ipfs-original,普通,路人牛,单手举起,豆眼,原厂贴图,红披风,K线小旗,牛马工位,无,云雀缺席,影院翻拍
6,牛来 #0006,ipfs-original,普通,牛来,单手举起,豆眼,原厂贴图,红披风,奖杯,荒漠,加场印章,云雀缺席,片源直出
7,牛来 #0007,okx-reconstructed,普通,路人牛,直立呆站,豆眼,UV接缝可见,红唐装,无,水墨河谷,无,云雀缺席,影院翻拍
8,牛来 #0008,ipfs-original,普通,狼狗,T-pose残留,豆眼,原厂贴图,黄雨衣,牛奶瓶,牛群集会,涨停标签,云雀缺席,影院翻拍
9,牛来 #0009,ipfs-original,普通,豹拉,直立呆站,死鱼眼,原厂贴图,皮草大衣,牛奶瓶,荒漠夜,弹幕,云雀缺席,影院翻拍
10,牛来 #0010,ipfs-original,普通,路人牛,T-pose残留,斗鸡眼,原厂贴图,无,五星胸牌,荒漠,穿模标注,云雀缺席,影院翻拍
11,牛来 #0011,ipfs-original,普通,路人牛,单手举起,豆眼,原厂贴图,无,无,影厅,无,云雀缺席,片源直出
12,牛来 #0012,ipfs-original,普通,灵蛇,直立呆站,豆眼,原厂贴图,无,无,悬崖推土车,加场印章,云雀在场,影院翻拍
13,牛来 #0013,ipfs-original,普通,牛来,T-pose残留,豆眼,UV接缝可见,勇士铠甲,一把韭菜,深渊,无,云雀在场,片源直出
14,牛来 #0014,ipfs-original,普通,豹拉,直立呆站,死鱼眼,UV接缝可见,无,无,跌停板,票房计数器,云雀缺席,影院翻拍
15,牛来 #0015,ipfs-original,普通,牛妈,T-pose残留,死鱼眼,原厂贴图,红唐装,一把韭菜,影厅,无,云雀在场,影院翻拍
16,牛来 #0016,ipfs-original,普通,路人牛,直立呆站,豆眼,原厂贴图,皮草大衣,麦克风,梦境,穿模标注,云雀缺席,片源直出
17,牛来 #0017,ipfs-original,普通,豹拉,单手举起,少了一只眼,UV接缝可见,白大褂,股民墨镜,牛群集会,票房计数器,云雀缺席,片源直出
18,牛来 #0018,ipfs-original,普通,豹拉,直立呆站,斗鸡眼,原厂贴图,红领巾,无,荒漠,涨停标签,云雀缺席,片源直出
19,牛来 #0019,ipfs-original,传说,牛来,单手举起,五星眼,牛市金身,红披风,金冠,影厅,票房计数器,云雀在场,片源直出
20,牛来 #0020,ipfs-original,普通,牛来,T-pose残留,死鱼眼,原厂贴图,股民西装马甲,爆米花桶,影院门口,弹幕,云雀缺席,片源直出
21,牛来 #0021,ipfs-original,普通,狼狗,直立呆站,豆眼,UV接缝可见,股民西装马甲,安全帽,山洞里,无,云雀在场,片源直出
22,牛来 #0022,ipfs-original,普通,豹拉,单手举起,死鱼眼,UV接缝可见,红领巾,无,涨停板,无,云雀在场,片源直出
23,牛来 #0023,ipfs-original,普通,牛妈,直立呆站,死鱼眼,贴图丢失,无,一把韭菜,荒漠,票房计数器,云雀缺席,影院翻拍
24,牛来 #0024,ipfs-original,普通,云雀,单手举起,豆眼,贴图丢失,红披风,篮球,梦境,无,云雀缺席,片源直出
25,牛来 #0025,ipfs-original,普通,路人牛,直立呆站,死鱼眼,原厂贴图,无,电影票根,荒漠,无,云雀缺席,影院翻拍
26,牛来 #0026,ipfs-original,普通,豹拉,单手举起,豆眼,原厂贴图,无,无,云上梦境,弹幕,云雀缺席,片源直出
27,牛来 #0027,ipfs-original,普通,狼狗,T-pose残留,豆眼,原厂贴图,白大褂,安全帽,影院门口,无,云雀在场,影院翻拍
28,牛来 #0028,ipfs-original,稀有,牛来,直立呆站,死鱼眼,贴图丢失,无,口罩,影院门口,加场印章,云雀在场,影院翻拍
29,牛来 #0029,ipfs-original,普通,牛来,直立呆站,豆眼,原厂贴图,无,折扇,影厅,无,云雀在场,影院翻拍
30,牛来 #0030,ipfs-original,普通,牛来,直立呆站,斗鸡眼,原厂贴图,7号球衣,保龄球果子,牛马工位,弹幕,云雀缺席,影院翻拍
31,牛来 #0031,ipfs-original,普通,路人牛,单手举起,豆眼,贴图丢失,无,牺牲光环,荒漠夜,无,云雀缺席,片源直出
32,牛来 #0032,ipfs-original,普通,灵蛇,直立呆站,豆眼,原厂贴图,无,无,梦境,加场印章,云雀缺席,影院翻拍
33,牛来 #0033,ipfs-original,普通,豹拉,单手举起,斗鸡眼,UV接缝可见,无,爆米花桶,涨停板,弹幕,云雀缺席,影院翻拍
34,牛来 #0034,ipfs-original,普通,豹拉,T-pose残留,死鱼眼,贴图丢失,红领巾,五星胸牌,大平地,涨停标签,云雀缺席,片源直出
35,牛来 #0035,ipfs-original,普通,豹拉,单手举起,五星眼,贴图丢失,牛来卫衣,牺牲光环,梦境,无,云雀缺席,片源直出
36,牛来 #0036,ipfs-original,普通,牛妈,T-pose残留,死鱼眼,原厂贴图,无,电影票根,牛马工位,涨停标签,云雀在场,影院翻拍
37,牛来 #0037,ipfs-original,普通,路人牛,直立呆站,死鱼眼,原厂贴图,红披风,无,大平地,无,云雀缺席,影院翻拍
38,牛来 #0038,ipfs-original,普通,豹拉,T-pose残留,少了一只眼,UV接缝可见,无,无,荒漠,穿模标注,云雀缺席,影院翻拍
39,牛来 #0039,ipfs-original,普通,牛来,T-pose残留,豆眼,原厂贴图,无,K线小旗,大平地,无,云雀缺席,影院翻拍
40,牛来 #0040,ipfs-original,史诗,豹拉,单手举起,豆眼,牛市金身,牛来卫衣,电影票根,梦境,无,云雀缺席,影院翻拍
41,牛来 #0041,ipfs-original,普通,灵蛇,T-pose残留,五星眼,UV接缝可见,7号球衣,金元宝,大平地,涨停标签,云雀缺席,影院翻拍
42,牛来 #0042,ipfs-original,普通,牛来,T-pose残留,豆眼,原厂贴图,黑皮夹克,电影票根,山洞里,无,云雀缺席,片源直出
43,牛来 #0043,ipfs-original,普通,牛来,直立呆站,斗鸡眼,原厂贴图,无,3D眼镜,云上梦境,无,云雀缺席,片源直出
44,牛来 #0044,ipfs-original,普通,豹拉,直立呆站,豆眼,原厂贴图,白大褂,电影票根,荒漠夜,无,云雀缺席,片源直出
45,牛来 #0045,okx-reconstructed,普通,豹拉,T-pose残留,斗鸡眼,原厂贴图,无,电影票根,大平地,穿模标注,云雀缺席,影院翻拍
46,牛来 #0046,ipfs-original,普通,牛妈,单手举起,死鱼眼,原厂贴图,7号球衣,保龄球果子,悬崖推土车,无,云雀在场,片源直出
47,牛来 #0047,ipfs-original,普通,豹拉,直立呆站,少了一只眼,原厂贴图,红领巾,耳机,悬崖推土车,弹幕,云雀缺席,影院翻拍
48,牛来 #0048,ipfs-original,普通,牛来,直立呆站,豆眼,原厂贴图,红披风,口罩,大平地,涨停标签,云雀缺席,影院翻拍
49,牛来 #0049,ipfs-original,普通,路人牛,T-pose残留,死鱼眼,原厂贴图,红唐装,篮球,山洞里,无,云雀在场,片源直出
50,牛来 #0050,ipfs-original,普通,狼狗,T-pose残留,豆眼,原厂贴图,无,无,贴图树林,穿模标注,云雀在场,影院翻拍
51,牛来 #0051,ipfs-original,普通,路人牛,T-pose残留,豆眼,原厂贴图,无,爆米花桶,山洞里,弹幕,云雀在场,影院翻拍
52,牛来 #0052,okx-reconstructed,普通,灵蛇,T-pose残留,死鱼眼,原厂贴图,牛来卫衣,保龄球果子,大平地,无,云雀缺席,影院翻拍
53,牛来 #0053,ipfs-original,普通,灵蛇,T-pose残留,豆眼,原厂贴图,黄雨衣,牛奶瓶,荒漠夜,无,云雀缺席,片源直出
54,牛来 #0054,ipfs-original,普通,狼狗,T-pose残留,五星眼,牛市金身,黑皮夹克,股民墨镜,大平地,弹幕,云雀缺席,片源直出
55,牛来 #0055,okx-reconstructed,普通,牛妈,直立呆站,五星眼,贴图丢失,红披风,电影票根,牛群集会,加场印章,云雀缺席,影院翻拍
56,牛来 #0056,ipfs-original,普通,牛来,T-pose残留,豆眼,原厂贴图,校服外套,篮球,大平地,弹幕,云雀缺席,影院翻拍
57,牛来 #0057,ipfs-original,普通,路人牛,单手举起,死鱼眼,原厂贴图,股民西装马甲,奖杯,梦境,无,云雀缺席,影院翻拍
58,牛来 #0058,ipfs-original,普通,路人牛,T-pose残留,死鱼眼,贴图丢失,无,锦旗,梦境,无,云雀缺席,片源直出
59,牛来 #0059,ipfs-original,普通,灵蛇,直立呆站,斗鸡眼,UV接缝可见,黑皮夹克,金元宝,影院门口,弹幕,云雀缺席,影院翻拍
60,牛来 #0060,ipfs-original,普通,灵蛇,T-pose残留,豆眼,原厂贴图,牛来卫衣,牛奶瓶,梦境,穿模标注,云雀缺席,影院翻拍
61,牛来 #0061,ipfs-original,普通,路人牛,直立呆站,斗鸡眼,原厂贴图,无,牛奶瓶,贴图树林,无,云雀缺席,片源直出
62,牛来 #0062,ipfs-original,普通,牛妈,直立呆站,死鱼眼,原厂贴图,牛马工牌衬衫,牛奶瓶,大平地,涨停标签,云雀缺席,片源直出
63,牛来 #0063,okx-reconstructed,普通,豹拉,T-pose残留,死鱼眼,原厂贴图,无,电影票根,贴图树林,无,云雀缺席,影院翻拍
64,牛来 #0064,ipfs-original,普通,牛来,直立呆站,豆眼,贴图丢失,牛马工牌衬衫,奖杯,山洞里,无,云雀在场,片源直出
65,牛来 #0065,ipfs-original,普通,狼狗,T-pose残留,豆眼,原厂贴图,红披风,股民墨镜,贴图树林,弹幕,云雀在场,影院翻拍
66,牛来 #0066,ipfs-original,普通,豹拉,T-pose残留,豆眼,UV接缝可见,无,五星胸牌,跌停板,穿模标注,云雀在场,影院翻拍
67,牛来 #0067,ipfs-original,普通,路人牛,T-pose残留,五星眼,原厂贴图,红唐装,保龄球果子,悬崖推土车,无,云雀缺席,片源直出
68,牛来 #0068,ipfs-original,稀有,牛来,单手举起,豆眼,原厂贴图,红披风,牛奶瓶,牛角古树,弹幕,云雀在场,片源直出
69,牛来 #0069,ipfs-original,普通,路人牛,T-pose残留,豆眼,原厂贴图,校服外套,一把韭菜,贴图树林,无,云雀缺席,片源直出
70,牛来 #0070,ipfs-original,普通,豹拉,T-pose残留,死鱼眼,原厂贴图,无,无,牛群集会,无,云雀缺席,影院翻拍
71,牛来 #0071,ipfs-original,普通,路人牛,单手举起,豆眼,UV接缝可见,无,电影票根,涨停板,穿模标注,云雀缺席,片源直出
72,牛来 #0072,ipfs-original,普通,牛来,T-pose残留,斗鸡眼,原厂贴图,红唐装,五星胸牌,影厅,无,云雀缺席,片源直出
73,牛来 #0073,ipfs-original,普通,路人牛,T-pose残留,豆眼,原厂贴图,无,牺牲光环,牛马工位,无,云雀缺席,片源直出
74,牛来 #0074,ipfs-original,普通,狼狗,直立呆站,豆眼,原厂贴图,无,无,涨停板,无,云雀在场,影院翻拍
75,牛来 #0075,ipfs-original,稀有,灵蛇,T-pose残留,死鱼眼,UV接缝可见,无,爆米花桶,涨停板,弹幕,云雀在场,影院翻拍
76,牛来 #0076,ipfs-original,普通,豹拉,直立呆站,斗鸡眼,原厂贴图,无,保龄球果子,牛角古树,加场印章,云雀缺席,影院翻拍
77,牛来 #0077,ipfs-original,普通,牛来,直立呆站,少了一只眼,原厂贴图,红领巾,电影票根,大平地,弹幕,云雀缺席,片源直出
78,牛来 #0078,okx-reconstructed,普通,牛来,直立呆站,斗鸡眼,UV接缝可见,无,篮球,影厅,无,云雀在场,片源直出
79,牛来 #0079,ipfs-original,普通,狼狗,直立呆站,豆眼,贴图丢失,无,K线小旗,影厅,穿模标注,云雀在场,影院翻拍
80,牛来 #0080,ipfs-original,普通,路人牛,单手举起,豆眼,原厂贴图,无,锦旗,云上梦境,无,云雀在场,影院翻拍
81,牛来 #0081,ipfs-original,普通,狼狗,直立呆站,豆眼,原厂贴图,无,麦克风,牛群集会,穿模标注,云雀缺席,影院翻拍
82,牛来 #0082,ipfs-original,稀有,牛妈,直立呆站,豆眼,UV接缝可见,红披风,牛奶瓶,贴图树林,加场印章,云雀在场,片源直出
83,牛来 #0083,ipfs-original,普通,狼狗,直立呆站,五星眼,原厂贴图,无,保龄球果子,大平地,无,云雀缺席,影院翻拍
84,牛来 #0084,ipfs-original,普通,牛来,直立呆站,豆眼,UV接缝可见,无,牛奶瓶,牛马工位,无,云雀缺席,片源直出
85,牛来 #0085,ipfs-original,普通,路人牛,直立呆站,死鱼眼,原厂贴图,红唐装,无,大平地,无,云雀缺席,片源直出
86,牛来 #0086,ipfs-original,普通,云雀,直立呆站,斗鸡眼,UV接缝可见,无,无,云上梦境,加场印章,云雀缺席,片源直出
87,牛来 #0087,ipfs-original,普通,豹拉,T-pose残留,斗鸡眼,原厂贴图,无,无,牛马工位,票房计数器,云雀在场,片源直出
88,牛来 #0088,ipfs-original,普通,豹拉,直立呆站,豆眼,UV接缝可见,校服外套,无,水墨河谷,无,云雀缺席,影院翻拍
89,牛来 #0089,ipfs-original,普通,灵蛇,直立呆站,死鱼眼,原厂贴图,无,无,影厅,弹幕,云雀缺席,影院翻拍
90,牛来 #0090,ipfs-original,普通,牛来,单手举起,死鱼眼,原厂贴图,白大褂,奖杯,水墨河谷,涨停标签,云雀在场,影院翻拍
91,牛来 #0091,ipfs-original,普通,灵蛇,直立呆站,少了一只眼,UV接缝可见,无,无,云上梦境,票房计数器,云雀缺席,片源直出
92,牛来 #0092,ipfs-original,普通,路人牛,直立呆站,豆眼,贴图丢失,无,安全帽,牛角古树,无,云雀缺席,影院翻拍
93,牛来 #0093,ipfs-original,普通,狼狗,单手举起,五星眼,原厂贴图,无,方向盘,荒漠,穿模标注,云雀缺席,影院翻拍
94,牛来 #0094,okx-reconstructed,普通,豹拉,T-pose残留,斗鸡眼,贴图丢失,皮草大衣,股民墨镜,山洞里,无,云雀缺席,影院翻拍
95,牛来 #0095,ipfs-original,普通,牛来,直立呆站,豆眼,原厂贴图,黄雨衣,无,大平地,无,云雀缺席,影院翻拍
96,牛来 #0096,ipfs-original,普通,路人牛,直立呆站,豆眼,原厂贴图,黑皮夹克,金元宝,影院门口,涨停标签,云雀在场,影院翻拍
97,牛来 #0097,ipfs-original,普通,豹拉,直立呆站,死鱼眼,贴图丢失,皮草大衣,无,牛角古树,无,云雀缺席,影院翻拍
98,牛来 #0098,ipfs-original,普通,牛妈,直立呆站,少了一只眼,原厂贴图,无,牛奶瓶,荒漠,无,云雀缺席,片源直出
99,牛来 #0099,ipfs-original,普通,路人牛,直立呆站,五星眼,贴图丢失,牛来卫衣,麦克风,大平地,票房计数器,云雀缺席,影院翻拍
100,牛来 #0100,ipfs-original,普通,灵蛇,T-pose残留,豆眼,UV接缝可见,无,金元宝,水墨河谷,涨停标签,云雀缺席,影院翻拍
101,牛来 #0101,okx-reconstructed,普通,路人牛,直立呆站,斗鸡眼,原厂贴图,无,股民墨镜,影厅,票房计数器,云雀在场,片源直出
102,牛来 #0102,okx-reconstructed,普通,豹拉,T-pose残留,死鱼眼,原厂贴图,无,一把韭菜,云上梦境,无,云雀缺席,影院翻拍
103,牛来 #0103,ipfs-original,普通,牛来,单手举起,死鱼眼,原厂贴图,白大褂,牛奶瓶,大平地,无,云雀缺席,影院翻拍
104,牛来 #0104,ipfs-original,普通,狼狗,直立呆站,豆眼,原厂贴图,无,口罩,跌停板,票房计数器,云雀在场,影院翻拍
105,牛来 #0105,ipfs-original,普通,牛来,T-pose残留,死鱼眼,原厂贴图,无,奖杯,牛群集会,弹幕,云雀缺席,片源直出
106,牛来 #0106,ipfs-original,普通,狼狗,T-pose残留,豆眼,原厂贴图,红领巾,一把韭菜,涨停板,加场印章,云雀缺席,片源直出
107,牛来 #0107,ipfs-original,普通,路人牛,单手举起,豆眼,原厂贴图,无,股民墨镜,云上梦境,弹幕,云雀缺席,片源直出
108,牛来 #0108,okx-reconstructed,普通,牛来,T-pose残留,豆眼,牛市金身,无,麦克风,牛马工位,无,云雀在场,影院翻拍
109,牛来 #0109,ipfs-original,普通,牛来,T-pose残留,死鱼眼,原厂贴图,无,安全帽,牛角古树,票房计数器,云雀缺席,影院翻拍
110,牛来 #0110,ipfs-original,稀有,豹拉,直立呆站,豆眼,UV接缝可见,白大褂,无,荒漠夜,加场印章,云雀在场,影院翻拍
111,牛来 #0111,ipfs-original,普通,牛来,直立呆站,豆眼,贴图丢失,红披风,无,牛群集会,弹幕,云雀缺席,片源直出
112,牛来 #0112,ipfs-original,普通,牛来,T-pose残留,豆眼,UV接缝可见,7号球衣,牛奶瓶,悬崖推土车,无,云雀缺席,影院翻拍
113,牛来 #0113,ipfs-original,普通,云雀,T-pose残留,豆眼,贴图丢失,黄雨衣,锦旗,牛群集会,无,云雀缺席,影院翻拍
114,牛来 #0114,ipfs-original,普通,云雀,T-pose残留,少了一只眼,UV接缝可见,无,电影票根,涨停板,无,云雀缺席,片源直出
115,牛来 #0115,ipfs-original,普通,灵蛇,直立呆站,死鱼眼,原厂贴图,7号球衣,方向盘,悬崖推土车,无,云雀在场,片源直出
116,牛来 #0116,ipfs-original,普通,牛来,T-pose残留,死鱼眼,贴图丢失,无,爆米花桶,山洞里,弹幕,云雀在场,影院翻拍
117,牛来 #0117,ipfs-original,普通,牛来,直立呆站,死鱼眼,原厂贴图,勇士铠甲,无,贴图树林,无,云雀在场,片源直出
118,牛来 #0118,okx-reconstructed,普通,豹拉,T-pose残留,豆眼,原厂贴图,校服外套,假胡子,涨停板,弹幕,云雀缺席,片源直出
119,牛来 #0119,okx-reconstructed,普通,云雀,直立呆站,死鱼眼,原厂贴图,无,3D眼镜,大平地,弹幕,云雀缺席,影院翻拍
120,牛来 #0120,ipfs-original,普通,灵蛇,直立呆站,死鱼眼,原厂贴图,牛来卫衣,场记板,大平地,涨停标签,云雀缺席,片源直出
121,牛来 #0121,ipfs-original,稀有,狼狗,直立呆站,豆眼,UV接缝可见,股民西装马甲,保龄球果子,云上梦境,弹幕,云雀在场,片源直出
122,牛来 #0122,ipfs-original,普通,路人牛,直立呆站,豆眼,原厂贴图,皮草大衣,保龄球果子,大平地,无,云雀缺席,片源直出
123,牛来 #0123,ipfs-original,普通,豹拉,T-pose残留,死鱼眼,原厂贴图,无,无,大平地,弹幕,云雀缺席,影院翻拍
124,牛来 #0124,ipfs-original,普通,牛妈,直立呆站,五星眼,原厂贴图,无,场记板,牛群集会,无,云雀缺席,影院翻拍
125,牛来 #0125,ipfs-original,稀有,牛来,直立呆站,斗鸡眼,原厂贴图,牛马工牌衬衫,五星胸牌,大平地,弹幕,云雀在场,影院翻拍
126,牛来 #0126,ipfs-original,普通,云雀,直立呆站,死鱼眼,UV接缝可见,无,无,影厅,无,云雀缺席,影院翻拍
127,牛来 #0127,ipfs-original,普通,路人牛,T-pose残留,豆眼,原厂贴图,黑皮夹克,保龄球果子,梦境,涨停标签,云雀缺席,影院翻拍
128,牛来 #0128,ipfs-original,普通,牛妈,直立呆站,豆眼,UV接缝可见,无,牺牲光环,荒漠夜,弹幕,云雀缺席,影院翻拍
129,牛来 #0129,ipfs-original,普通,豹拉,直立呆站,斗鸡眼,原厂贴图,红唐装,口罩,大平地,无,云雀缺席,片源直出
130,牛来 #0130,ipfs-original,普通,云雀,单手举起,豆眼,原厂贴图,牛马工牌衬衫,金元宝,影院门口,无,云雀缺席,影院翻拍
131,牛来 #0131,ipfs-original,普通,牛妈,直立呆站,豆眼,UV接缝可见,红唐装,麦克风,大平地,弹幕,云雀缺席,片源直出
132,牛来 #0132,ipfs-original,普通,豹拉,T-pose残留,豆眼,UV接缝可见,无,奖杯,涨停板,弹幕,云雀在场,影院翻拍
133,牛来 #0133,ipfs-original,普通,灵蛇,T-pose残留,豆眼,原厂贴图,无,电影票根,牛群集会,无,云雀缺席,影院翻拍
134,牛来 #0134,ipfs-original,普通,牛妈,直立呆站,少了一只眼,UV接缝可见,白大褂,无,大平地,票房计数器,云雀缺席,影院翻拍
135,牛来 #0135,ipfs-original,稀有,路人牛,直立呆站,豆眼,原厂贴图,无,耳机,跌停板,加场印章,云雀在场,片源直出
136,牛来 #0136,ipfs-original,普通,豹拉,T-pose残留,少了一只眼,贴图丢失,白大褂,五星胸牌,影院门口,弹幕,云雀在场,影院翻拍
137,牛来 #0137,ipfs-original,普通,狼狗,直立呆站,豆眼,UV接缝可见,无,篮球,大平地,无,云雀缺席,片源直出
138,牛来 #0138,ipfs-original,普通,豹拉,直立呆站,豆眼,贴图丢失,股民西装马甲,无,云上梦境,加场印章,云雀缺席,影院翻拍
139,牛来 #0139,ipfs-original,稀有,豹拉,T-pose残留,少了一只眼,原厂贴图,黑皮夹克,牺牲光环,跌停板,加场印章,云雀在场,片源直出
140,牛来 #0140,ipfs-original,普通,牛来,直立呆站,豆眼,原厂贴图,股民西装马甲,K线小旗,水墨河谷,票房计数器,云雀在场,影院翻拍
141,牛来 #0141,ipfs-original,普通,牛来,T-pose残留,死鱼眼,贴图丢失,股民西装马甲,奖杯,影厅,涨停标签,云雀在场,影院翻拍
142,牛来 #0142,ipfs-original,普通,狼狗,T-pose残留,豆眼,原厂贴图,红唐装,方向盘,大平地,涨停标签,云雀缺席,影院翻拍
143,牛来 #0143,ipfs-original,普通,牛妈,T-pose残留,豆眼,UV接缝可见,无,麦克风,大平地,无,云雀缺席,片源直出
144,牛来 #0144,ipfs-original,普通,路人牛,单手举起,少了一只眼,原厂贴图,红领巾,奖杯,梦境,无,云雀在场,影院翻拍
145,牛来 #0145,ipfs-original,普通,灵蛇,直立呆站,死鱼眼,牛市金身,红领巾,无,大平地,弹幕,云雀缺席,片源直出
146,牛来 #0146,ipfs-original,普通,路人牛,直立呆站,豆眼,原厂贴图,牛马工牌衬衫,五星胸牌,悬崖推土车,票房计数器,云雀缺席,影院翻拍
147,牛来 #0147,ipfs-original,普通,路人牛,T-pose残留,豆眼,原厂贴图,红披风,安全帽,牛角古树,弹幕,云雀缺席,影院翻拍
148,牛来 #0148,ipfs-original,普通,云雀,T-pose残留,豆眼,UV接缝可见,红领巾,篮球,涨停板,穿模标注,云雀缺席,影院翻拍
149,牛来 #0149,ipfs-original,普通,牛来,T-pose残留,少了一只眼,UV接缝可见,红唐装,金元宝,大平地,无,云雀缺席,影院翻拍
150,牛来 #0150,ipfs-original,稀有,豹拉,单手举起,豆眼,UV接缝可见,黑皮夹克,保龄球果子,梦境,弹幕,云雀在场,片源直出
151,牛来 #0151,ipfs-original,普通,狼狗,直立呆站,豆眼,原厂贴图,无,保龄球果子,悬崖推土车,无,云雀缺席,影院翻拍
152,牛来 #0152,ipfs-original,普通,豹拉,单手举起,死鱼眼,原厂贴图,校服外套,锦旗,牛群集会,无,云雀在场,影院翻拍
153,牛来 #0153,ipfs-original,普通,路人牛,T-pose残留,斗鸡眼,贴图丢失,无,K线小旗,牛角古树,无,云雀在场,片源直出
154,牛来 #0154,ipfs-original,普通,豹拉,单手举起,豆眼,UV接缝可见,白大褂,麦克风,牛群集会,弹幕,云雀缺席,影院翻拍
155,牛来 #0155,ipfs-original,普通,狼狗,单手举起,斗鸡眼,UV接缝可见,红唐装,保龄球果子,荒漠,涨停标签,云雀缺席,影院翻拍
156,牛来 #0156,ipfs-original,普通,牛妈,直立呆站,豆眼,贴图丢失,无,无,影厅,票房计数器,云雀缺席,影院翻拍
157,牛来 #0157,ipfs-original,普通,路人牛,直立呆站,五星眼,贴图丢失,校服外套,爆米花桶,贴图树林,弹幕,云雀缺席,影院翻拍
158,牛来 #0158,ipfs-original,普通,路人牛,单手举起,斗鸡眼,UV接缝可见,黑皮夹克,麦克风,云上梦境,弹幕,云雀缺席,影院翻拍
159,牛来 #0159,ipfs-original,普通,路人牛,直立呆站,豆眼,原厂贴图,白大褂,无,梦境,穿模标注,云雀在场,片源直出
160,牛来 #0160,ipfs-original,普通,路人牛,T-pose残留,死鱼眼,原厂贴图,红领巾,一把韭菜,大平地,弹幕,云雀在场,片源直出
161,牛来 #0161,ipfs-original,普通,路人牛,直立呆站,豆眼,原厂贴图,无,锦旗,牛角古树,无,云雀缺席,影院翻拍
162,牛来 #0162,ipfs-original,普通,狼狗,直立呆站,少了一只眼,原厂贴图,校服外套,假胡子,牛马工位,无,云雀缺席,影院翻拍
163,牛来 #0163,ipfs-original,稀有,狼狗,T-pose残留,豆眼,原厂贴图,牛来卫衣,无,荒漠夜,弹幕,云雀在场,影院翻拍
164,牛来 #0164,ipfs-original,普通,灵蛇,直立呆站,死鱼眼,贴图丢失,无,牺牲光环,影厅,票房计数器,云雀缺席,影院翻拍
165,牛来 #0165,ipfs-original,普通,牛妈,T-pose残留,斗鸡眼,原厂贴图,红领巾,五星胸牌,大平地,无,云雀缺席,片源直出
166,牛来 #0166,ipfs-original,普通,牛来,直立呆站,死鱼眼,原厂贴图,红领巾,牛奶瓶,水墨河谷,无,云雀在场,影院翻拍
167,牛来 #0167,ipfs-original,普通,路人牛,T-pose残留,少了一只眼,原厂贴图,无,无,云上梦境,弹幕,云雀缺席,片源直出
168,牛来 #0168,ipfs-original,普通,路人牛,直立呆站,豆眼,贴图丢失,勇士铠甲,无,涨停板,无,云雀缺席,片源直出
169,牛来 #0169,ipfs-original,普通,牛妈,单手举起,少了一只眼,UV接缝可见,牛来卫衣,耳机,影厅,涨停标签,云雀缺席,片源直出
170,牛来 #0170,ipfs-original,普通,路人牛,单手举起,豆眼,原厂贴图,无,口罩,水墨河谷,无,云雀在场,影院翻拍
171,牛来 #0171,ipfs-original,普通,牛来,直立呆站,豆眼,原厂贴图,牛来卫衣,股民墨镜,涨停板,无,云雀在场,片源直出
172,牛来 #0172,okx-reconstructed,普通,路人牛,T-pose残留,死鱼眼,原厂贴图,黑皮夹克,无,荒漠,穿模标注,云雀缺席,片源直出
173,牛来 #0173,ipfs-original,普通,牛来,直立呆站,五星眼,原厂贴图,牛来卫衣,保龄球果子,大平地,弹幕,云雀在场,影院翻拍
174,牛来 #0174,ipfs-original,普通,豹拉,直立呆站,斗鸡眼,原厂贴图,红领巾,3D眼镜,水墨河谷,无,云雀在场,影院翻拍
175,牛来 #0175,ipfs-original,普通,牛来,直立呆站,死鱼眼,UV接缝可见,无,金元宝,牛马工位,无,云雀缺席,片源直出
176,牛来 #0176,ipfs-original,普通,灵蛇,直立呆站,死鱼眼,UV接缝可见,红领巾,篮球,涨停板,弹幕,云雀在场,片源直出
177,牛来 #0177,ipfs-original,普通,灵蛇,直立呆站,豆眼,原厂贴图,无,无,影厅,弹幕,云雀缺席,影院翻拍
178,牛来 #0178,ipfs-original,普通,牛来,单手举起,豆眼,原厂贴图,红披风,篮球,梦境,穿模标注,云雀缺席,影院翻拍
179,牛来 #0179,ipfs-original,普通,牛妈,直立呆站,死鱼眼,原厂贴图,黑皮夹克,牺牲光环,牛角古树,弹幕,云雀在场,片源直出
180,牛来 #0180,ipfs-original,普通,狼狗,单手举起,豆眼,UV接缝可见,无,无,荒漠,无,云雀在场,影院翻拍
181,牛来 #0181,ipfs-original,普通,路人牛,单手举起,豆眼,原厂贴图,红领巾,口罩,悬崖推土车,票房计数器,云雀在场,片源直出
182,牛来 #0182,ipfs-original,普通,云雀,直立呆站,豆眼,原厂贴图,股民西装马甲,牺牲光环,大平地,弹幕,云雀缺席,影院翻拍
183,牛来 #0183,ipfs-original,普通,路人牛,单手举起,死鱼眼,原厂贴图,股民西装马甲,K线小旗,影院门口,无,云雀缺席,影院翻拍
184,牛来 #0184,ipfs-original,普通,灵蛇,单手举起,死鱼眼,原厂贴图,股民西装马甲,无,贴图树林,穿模标注,云雀缺席,影院翻拍
185,牛来 #0185,ipfs-original,普通,牛来,单手举起,斗鸡眼,原厂贴图,股民西装马甲,折扇,影厅,涨停标签,云雀在场,片源直出
186,牛来 #0186,ipfs-original,普通,狼狗,T-pose残留,豆眼,贴图丢失,红披风,无,影院门口,无,云雀缺席,片源直出
187,牛来 #0187,ipfs-original,普通,路人牛,T-pose残留,死鱼眼,原厂贴图,黄雨衣,锦旗,牛马工位,无,云雀缺席,影院翻拍
188,牛来 #0188,ipfs-original,普通,豹拉,单手举起,豆眼,贴图丢失,皮草大衣,一把韭菜,荒漠,无,云雀在场,片源直出
189,牛来 #0189,ipfs-original,普通,牛妈,直立呆站,少了一只眼,原厂贴图,皮草大衣,五星胸牌,贴图树林,无,云雀缺席,片源直出
190,牛来 #0190,okx-reconstructed,稀有,路人牛,直立呆站,死鱼眼,原厂贴图,股民西装马甲,无,牛群集会,弹幕,云雀在场,影院翻拍
191,牛来 #0191,ipfs-original,普通,牛来,直立呆站,少了一只眼,原厂贴图,红披风,电影票根,贴图树林,无,云雀缺席,片源直出
192,牛来 #0192,ipfs-original,普通,云雀,单手举起,斗鸡眼,原厂贴图,牛马工牌衬衫,方向盘,大平地,无,云雀缺席,片源直出
193,牛来 #0193,ipfs-original,普通,牛来,单手举起,豆眼,原厂贴图,黑皮夹克,金元宝,牛角古树,穿模标注,云雀缺席,片源直出
194,牛来 #0194,ipfs-original,普通,牛妈,单手举起,五星眼,贴图丢失,勇士铠甲,牛奶瓶,荒漠夜,涨停标签,云雀在场,片源直出
195,牛来 #0195,ipfs-original,普通,牛妈,直立呆站,豆眼,原厂贴图,无,牺牲光环,水墨河谷,无,云雀缺席,片源直出
196,牛来 #0196,ipfs-original,普通,牛来,直立呆站,豆眼,UV接缝可见,无,方向盘,涨停板,无,云雀在场,片源直出
197,牛来 #0197,ipfs-original,普通,狼狗,直立呆站,斗鸡眼,原厂贴图,股民西装马甲,无,悬崖推土车,弹幕,云雀在场,片源直出
198,牛来 #0198,ipfs-original,稀有,牛来,直立呆站,豆眼,原厂贴图,无,无,牛群集会,加场印章,云雀在场,片源直出
199,牛来 #0199,ipfs-original,普通,灵蛇,单手举起,死鱼眼,贴图丢失,红披风,麦克风,大平地,穿模标注,云雀缺席,影院翻拍
200,牛来 #0200,ipfs-original,普通,灵蛇,单手举起,少了一只眼,原厂贴图,无,方向盘,大平地,无,云雀缺席,影院翻拍
201,牛来 #0201,ipfs-original,普通,狼狗,直立呆站,死鱼眼,原厂贴图,红唐装,无,牛角古树,无,云雀缺席,片源直出
202,牛来 #0202,ipfs-original,稀有,牛妈,T-pose残留,死鱼眼,原厂贴图,校服外套,爆米花桶,牛角古树,弹幕,云雀在场,片源直出
203,牛来 #0203,ipfs-original,普通,牛来,直立呆站,死鱼眼,原厂贴图,黑皮夹克,牛奶瓶,山洞里,穿模标注,云雀在场,影院翻拍
204,牛来 #0204,ipfs-original,普通,豹拉,T-pose残留,死鱼眼,原厂贴图,牛马工牌衬衫,牛奶瓶,影厅,票房计数器,云雀缺席,影院翻拍
205,牛来 #0205,ipfs-original,普通,牛妈,单手举起,死鱼眼,UV接缝可见,无,电影票根,涨停板,无,云雀缺席,影院翻拍
206,牛来 #0206,ipfs-original,普通,牛妈,直立呆站,豆眼,贴图丢失,牛马工牌衬衫,口罩,大平地,无,云雀在场,影院翻拍
207,牛来 #0207,ipfs-original,普通,牛妈,直立呆站,少了一只眼,原厂贴图,无,牺牲光环,影厅,弹幕,云雀缺席,影院翻拍
208,牛来 #0208,ipfs-original,普通,狼狗,直立呆站,豆眼,原厂贴图,无,无,深渊,弹幕,云雀缺席,影院翻拍
209,牛来 #0209,ipfs-original,普通,灵蛇,T-pose残留,死鱼眼,UV接缝可见,白大褂,场记板,牛角古树,弹幕,云雀在场,影院翻拍
210,牛来 #0210,ipfs-original,普通,牛妈,直立呆站,豆眼,UV接缝可见,皮草大衣,牺牲光环,影厅,涨停标签,云雀在场,片源直出
211,牛来 #0211,okx-reconstructed,普通,路人牛,单手举起,豆眼,UV接缝可见,牛马工牌衬衫,K线小旗,山洞里,弹幕,云雀在场,片源直出
212,牛来 #0212,ipfs-original,普通,牛来,直立呆站,五星眼,UV接缝可见,黑皮夹克,无,大平地,涨停标签,云雀在场,影院翻拍
213,牛来 #0213,ipfs-original,稀有,豹拉,直立呆站,死鱼眼,UV接缝可见,红披风,方向盘,贴图树林,弹幕,云雀在场,影院翻拍
214,牛来 #0214,ipfs-original,普通,牛来,直立呆站,少了一只眼,原厂贴图,7号球衣,牛奶瓶,影厅,无,云雀在场,影院翻拍
215,牛来 #0215,ipfs-original,普通,豹拉,直立呆站,豆眼,贴图丢失,勇士铠甲,安全帽,荒漠夜,无,云雀缺席,影院翻拍
216,牛来 #0216,ipfs-original,普通,牛妈,T-pose残留,斗鸡眼,原厂贴图,红披风,牺牲光环,涨停板,无,云雀缺席,片源直出
217,牛来 #0217,ipfs-original,普通,牛妈,单手举起,少了一只眼,UV接缝可见,牛来卫衣,奖杯,牛群集会,弹幕,云雀缺席,影院翻拍
218,牛来 #0218,ipfs-original,普通,牛来,直立呆站,豆眼,UV接缝可见,牛来卫衣,K线小旗,影厅,无,云雀缺席,片源直出
219,牛来 #0219,ipfs-original,稀有,路人牛,单手举起,五星眼,UV接缝可见,无,场记板,梦境,弹幕,云雀在场,影院翻拍
220,牛来 #0220,ipfs-original,稀有,豹拉,直立呆站,少了一只眼,UV接缝可见,无,牛奶瓶,山洞里,加场印章,云雀在场,影院翻拍
221,牛来 #0221,okx-reconstructed,普通,豹拉,T-pose残留,豆眼,UV接缝可见,勇士铠甲,假胡子,悬崖推土车,无,云雀缺席,片源直出
222,牛来 #0222,ipfs-original,普通,牛来,T-pose残留,五星眼,UV接缝可见,无,安全帽,荒漠,涨停标签,云雀缺席,片源直出
223,牛来 #0223,ipfs-original,普通,狼狗,直立呆站,豆眼,UV接缝可见,校服外套,安全帽,悬崖推土车,无,云雀缺席,影院翻拍
224,牛来 #0224,okx-reconstructed,普通,路人牛,直立呆站,豆眼,原厂贴图,无,金元宝,牛群集会,无,云雀在场,影院翻拍
225,牛来 #0225,ipfs-original,普通,路人牛,直立呆站,五星眼,原厂贴图,7号球衣,爆米花桶,荒漠,弹幕,云雀在场,影院翻拍
226,牛来 #0226,ipfs-original,普通,牛来,直立呆站,斗鸡眼,原厂贴图,无,无,大平地,无,云雀缺席,影院翻拍
227,牛来 #0227,ipfs-original,普通,牛来,单手举起,豆眼,原厂贴图,无,爆米花桶,影厅,无,云雀缺席,片源直出
228,牛来 #0228,ipfs-original,普通,豹拉,直立呆站,斗鸡眼,原厂贴图,红唐装,牛奶瓶,牛角古树,弹幕,云雀在场,片源直出
229,牛来 #0229,ipfs-original,普通,豹拉,直立呆站,少了一只眼,UV接缝可见,校服外套,篮球,水墨河谷,无,云雀缺席,片源直出
230,牛来 #0230,ipfs-original,稀有,牛妈,单手举起,豆眼,UV接缝可见,红唐装,锦旗,贴图树林,弹幕,云雀在场,片源直出
231,牛来 #0231,okx-reconstructed,稀有,路人牛,直立呆站,五星眼,原厂贴图,无,股民墨镜,大平地,弹幕,云雀在场,影院翻拍
232,牛来 #0232,ipfs-original,普通,路人牛,直立呆站,豆眼,原厂贴图,牛来卫衣,金元宝,影院门口,票房计数器,云雀缺席,影院翻拍
233,牛来 #0233,ipfs-original,普通,豹拉,T-pose残留,死鱼眼,原厂贴图,牛马工牌衬衫,一把韭菜,悬崖推土车,无,云雀在场,片源直出
234,牛来 #0234,okx-reconstructed,普通,牛妈,直立呆站,豆眼,贴图丢失,牛来卫衣,牺牲光环,大平地,穿模标注,云雀缺席,片源直出
235,牛来 #0235,ipfs-original,普通,云雀,T-pose残留,斗鸡眼,原厂贴图,无,无,影厅,无,云雀缺席,影院翻拍
236,牛来 #0236,ipfs-original,普通,狼狗,T-pose残留,豆眼,原厂贴图,无,电影票根,影厅,弹幕,云雀缺席,片源直出
237,牛来 #0237,ipfs-original,普通,牛来,直立呆站,豆眼,贴图丢失,牛马工牌衬衫,电影票根,悬崖推土车,无,云雀缺席,片源直出
238,牛来 #0238,ipfs-original,普通,牛来,单手举起,豆眼,原厂贴图,校服外套,牛奶瓶,牛群集会,无,云雀缺席,影院翻拍
239,牛来 #0239,ipfs-original,普通,灵蛇,T-pose残留,豆眼,贴图丢失,牛马工牌衬衫,折扇,影院门口,无,云雀缺席,影院翻拍
240,牛来 #0240,okx-reconstructed,稀有,路人牛,直立呆站,五星眼,原厂贴图,勇士铠甲,爆米花桶,梦境,弹幕,云雀在场,影院翻拍
241,牛来 #0241,ipfs-original,普通,牛来,单手举起,豆眼,原厂贴图,无,金元宝,云上梦境,涨停标签,云雀在场,影院翻拍
242,牛来 #0242,ipfs-original,普通,牛妈,直立呆站,斗鸡眼,贴图丢失,无,无,大平地,无,云雀在场,片源直出
243,牛来 #0243,ipfs-original,普通,牛来,T-pose残留,斗鸡眼,原厂贴图,无,一把韭菜,大平地,无,云雀缺席,片源直出
244,牛来 #0244,ipfs-original,普通,路人牛,直立呆站,豆眼,原厂贴图,无,3D眼镜,云上梦境,无,云雀缺席,片源直出
245,牛来 #0245,ipfs-original,普通,灵蛇,T-pose残留,死鱼眼,牛市金身,无,牺牲光环,大平地,涨停标签,云雀缺席,影院翻拍
246,牛来 #0246,ipfs-original,普通,灵蛇,T-pose残留,死鱼眼,原厂贴图,股民西装马甲,场记板,深渊,穿模标注,云雀缺席,影院翻拍
247,牛来 #0247,ipfs-original,普通,路人牛,单手举起,豆眼,贴图丢失,红领巾,电影票根,悬崖推土车,加场印章,云雀缺席,片源直出
248,牛来 #0248,ipfs-original,普通,云雀,直立呆站,豆眼,原厂贴图,无,麦克风,悬崖推土车,涨停标签,云雀缺席,片源直出
249,牛来 #0249,ipfs-original,普通,灵蛇,直立呆站,五星眼,原厂贴图,无,场记板,云上梦境,票房计数器,云雀在场,片源直出
250,牛来 #0250,ipfs-original,普通,豹拉,直立呆站,斗鸡眼,原厂贴图,无,爆米花桶,贴图树林,加场印章,云雀缺席,影院翻拍
251,牛来 #0251,ipfs-original,普通,牛来,直立呆站,死鱼眼,贴图丢失,无,假胡子,贴图树林,无,云雀缺席,影院翻拍
252,牛来 #0252,ipfs-original,普通,牛来,T-pose残留,死鱼眼,UV接缝可见,无,电影票根,云上梦境,票房计数器,云雀在场,影院翻拍
253,牛来 #0253,ipfs-original,普通,牛来,T-pose残留,少了一只眼,原厂贴图,无,电影票根,水墨河谷,无,云雀在场,影院翻拍
254,牛来 #0254,ipfs-original,普通,牛来,单手举起,豆眼,UV接缝可见,7号球衣,无,山洞里,无,云雀在场,影院翻拍
255,牛来 #0255,ipfs-original,稀有,牛来,单手举起,五星眼,UV接缝可见,校服外套,牛奶瓶,牛群集会,弹幕,云雀在场,片源直出
256,牛来 #0256,ipfs-original,普通,豹拉,直立呆站,死鱼眼,原厂贴图,无,一把韭菜,荒漠,无,云雀在场,片源直出
257,牛来 #0257,ipfs-original,普通,路人牛,直立呆站,豆眼,原厂贴图,无,电影票根,牛群集会,无,云雀在场,影院翻拍
258,牛来 #0258,ipfs-original,普通,路人牛,直立呆站,五星眼,原厂贴图,红披风,场记板,山洞里,无,云雀在场,片源直出
259,牛来 #0259,ipfs-original,普通,灵蛇,直立呆站,少了一只眼,原厂贴图,黑皮夹克,电影票根,云上梦境,涨停标签,云雀缺席,片源直出
260,牛来 #0260,okx-reconstructed,普通,路人牛,直立呆站,豆眼,原厂贴图,红披风,一把韭菜,贴图树林,无,云雀在场,片源直出
261,牛来 #0261,ipfs-original,稀有,豹拉,直立呆站,豆眼,贴图丢失,无,场记板,荒漠夜,加场印章,云雀在场,影院翻拍
262,牛来 #0262,ipfs-original,稀有,路人牛,单手举起,死鱼眼,UV接缝可见,无,3D眼镜,牛角古树,加场印章,云雀在场,影院翻拍
263,牛来 #0263,ipfs-original,普通,牛来,直立呆站,豆眼,贴图丢失,红披风,保龄球果子,大平地,弹幕,云雀缺席,影院翻拍
264,牛来 #0264,ipfs-original,普通,路人牛,T-pose残留,少了一只眼,原厂贴图,无,场记板,影厅,加场印章,云雀缺席,影院翻拍
265,牛来 #0265,ipfs-original,普通,豹拉,T-pose残留,死鱼眼,UV接缝可见,红披风,爆米花桶,大平地,穿模标注,云雀在场,影院翻拍
266,牛来 #0266,ipfs-original,普通,云雀,直立呆站,豆眼,原厂贴图,无,口罩,悬崖推土车,穿模标注,云雀缺席,片源直出
267,牛来 #0267,ipfs-original,普通,灵蛇,直立呆站,豆眼,贴图丢失,黑皮夹克,方向盘,梦境,无,云雀在场,片源直出
268,牛来 #0268,ipfs-original,普通,灵蛇,直立呆站,豆眼,贴图丢失,红披风,锦旗,山洞里,无,云雀缺席,片源直出
269,牛来 #0269,ipfs-original,普通,牛妈,直立呆站,少了一只眼,原厂贴图,无,牺牲光环,梦境,无,云雀缺席,片源直出
270,牛来 #0270,ipfs-original,普通,豹拉,T-pose残留,豆眼,UV接缝可见,无,保龄球果子,大平地,无,云雀在场,片源直出
271,牛来 #0271,ipfs-original,普通,豹拉,直立呆站,五星眼,原厂贴图,红领巾,一把韭菜,梦境,穿模标注,云雀缺席,片源直出
272,牛来 #0272,okx-reconstructed,史诗,豹拉,直立呆站,少了一只眼,原厂贴图,皮草大衣,电影票根,梦境,无,云雀缺席,影院翻拍
273,牛来 #0273,ipfs-original,稀有,狼狗,T-pose残留,豆眼,UV接缝可见,无,电影票根,贴图树林,弹幕,云雀在场,片源直出
274,牛来 #0274,ipfs-original,普通,牛妈,单手举起,豆眼,UV接缝可见,勇士铠甲,五星胸牌,梦境,涨停标签,云雀缺席,片源直出
275,牛来 #0275,okx-reconstructed,普通,豹拉,直立呆站,豆眼,贴图丢失,无,无,大平地,无,云雀缺席,片源直出
276,牛来 #0276,ipfs-original,普通,牛来,单手举起,斗鸡眼,原厂贴图,白大褂,一把韭菜,大平地,无,云雀缺席,影院翻拍
277,牛来 #0277,ipfs-original,普通,牛来,单手举起,豆眼,原厂贴图,股民西装马甲,无,影厅,弹幕,云雀缺席,片源直出
278,牛来 #0278,ipfs-original,普通,狼狗,T-pose残留,豆眼,原厂贴图,股民西装马甲,爆米花桶,荒漠,无,云雀缺席,影院翻拍
279,牛来 #0279,ipfs-original,普通,牛来,单手举起,死鱼眼,原厂贴图,红领巾,无,悬崖推土车,无,云雀缺席,片源直出
280,牛来 #0280,ipfs-original,普通,牛来,直立呆站,豆眼,原厂贴图,黄雨衣,方向盘,悬崖推土车,涨停标签,云雀缺席,影院翻拍
281,牛来 #0281,ipfs-original,普通,牛来,直立呆站,斗鸡眼,原厂贴图,股民西装马甲,方向盘,牛角古树,无,云雀在场,片源直出
282,牛来 #0282,ipfs-original,普通,云雀,直立呆站,斗鸡眼,贴图丢失,皮草大衣,电影票根,梦境,弹幕,云雀缺席,影院翻拍
283,牛来 #0283,ipfs-original,普通,豹拉,直立呆站,死鱼眼,原厂贴图,校服外套,爆米花桶,大平地,穿模标注,云雀缺席,影院翻拍
284,牛来 #0284,ipfs-original,普通,牛妈,单手举起,死鱼眼,原厂贴图,红领巾,无,大平地,弹幕,云雀缺席,片源直出
285,牛来 #0285,ipfs-original,普通,豹拉,直立呆站,五星眼,原厂贴图,无,假胡子,牛角古树,票房计数器,云雀缺席,片源直出
286,牛来 #0286,ipfs-original,普通,路人牛,直立呆站,死鱼眼,UV接缝可见,红披风,无,云上梦境,涨停标签,云雀缺席,片源直出
287,牛来 #0287,ipfs-original,普通,云雀,单手举起,死鱼眼,原厂贴图,无,爆米花桶,山洞里,加场印章,云雀缺席,影院翻拍
288,牛来 #0288,ipfs-original,普通,牛妈,直立呆站,死鱼眼,原厂贴图,无,一把韭菜,梦境,无,云雀缺席,片源直出
289,牛来 #0289,ipfs-original,普通,豹拉,直立呆站,死鱼眼,原厂贴图,校服外套,电影票根,荒漠夜,无,云雀缺席,片源直出
290,牛来 #0290,ipfs-original,稀有,牛妈,单手举起,死鱼眼,原厂贴图,红披风,无,牛马工位,弹幕,云雀在场,片源直出
291,牛来 #0291,ipfs-original,普通,牛来,单手举起,死鱼眼,原厂贴图,校服外套,假胡子,大平地,无,云雀缺席,影院翻拍
292,牛来 #0292,ipfs-original,普通,牛来,直立呆站,豆眼,原厂贴图,红唐装,电影票根,牛角古树,无,云雀在场,影院翻拍
293,牛来 #0293,ipfs-original,普通,路人牛,单手举起,豆眼,原厂贴图,红唐装,股民墨镜,悬崖推土车,穿模标注,云雀缺席,影院翻拍
294,牛来 #0294,ipfs-original,普通,路人牛,直立呆站,五星眼,原厂贴图,无,无,荒漠,无,云雀缺席,影院翻拍
295,牛来 #0295,ipfs-original,普通,狼狗,T-pose残留,死鱼眼,贴图丢失,无,奖杯,悬崖推土车,无,云雀缺席,片源直出
296,牛来 #0296,ipfs-original,普通,豹拉,直立呆站,少了一只眼,原厂贴图,无,五星胸牌,影院门口,无,云雀缺席,片源直出
297,牛来 #0297,ipfs-original,普通,豹拉,单手举起,死鱼眼,贴图丢失,股民西装马甲,无,荒漠,无,云雀缺席,影院翻拍
298,牛来 #0298,ipfs-original,稀有,牛来,直立呆站,少了一只眼,原厂贴图,黑皮夹克,电影票根,荒漠夜,弹幕,云雀在场,影院翻拍
299,牛来 #0299,ipfs-original,普通,狼狗,单手举起,斗鸡眼,原厂贴图,红披风,折扇,荒漠,无,云雀在场,影院翻拍
300,牛来 #0300,ipfs-original,普通,狼狗,单手举起,豆眼,原厂贴图,红披风,锦旗,牛群集会,穿模标注,云雀缺席,片源直出
301,牛来 #0301,ipfs-original,普通,路人牛,直立呆站,死鱼眼,原厂贴图,红披风,麦克风,荒漠,无,云雀缺席,片源直出
302,牛来 #0302,ipfs-original,普通,牛来,单手举起,豆眼,原厂贴图,皮草大衣,五星胸牌,云上梦境,弹幕,云雀在场,片源直出
303,牛来 #0303,ipfs-original,普通,豹拉,单手举起,死鱼眼,原厂贴图,无,爆米花桶,涨停板,票房计数器,云雀缺席,影院翻拍
304,牛来 #0304,ipfs-original,普通,路人牛,T-pose残留,死鱼眼,原厂贴图,7号球衣,耳机,牛角古树,无,云雀在场,影院翻拍
305,牛来 #0305,ipfs-original,普通,狼狗,T-pose残留,死鱼眼,贴图丢失,无,方向盘,影院门口,弹幕,云雀缺席,片源直出
306,牛来 #0306,ipfs-original,普通,牛来,直立呆站,死鱼眼,贴图丢失,股民西装马甲,无,水墨河谷,无,云雀缺席,片源直出
307,牛来 #0307,ipfs-original,普通,路人牛,直立呆站,豆眼,原厂贴图,红唐装,牺牲光环,影院门口,加场印章,云雀缺席,片源直出
308,牛来 #0308,ipfs-original,普通,灵蛇,单手举起,死鱼眼,贴图丢失,无,3D眼镜,大平地,无,云雀在场,片源直出
309,牛来 #0309,ipfs-original,普通,路人牛,单手举起,少了一只眼,UV接缝可见,黑皮夹克,无,牛角古树,弹幕,云雀缺席,影院翻拍
310,牛来 #0310,ipfs-original,普通,豹拉,直立呆站,死鱼眼,原厂贴图,黑皮夹克,一把韭菜,荒漠,弹幕,云雀缺席,影院翻拍
311,牛来 #0311,ipfs-original,普通,牛妈,直立呆站,豆眼,原厂贴图,无,折扇,荒漠夜,涨停标签,云雀在场,影院翻拍
312,牛来 #0312,ipfs-original,传说,豹拉,直立呆站,五星眼,牛市金身,红披风,金冠,影厅,票房计数器,云雀在场,片源直出
313,牛来 #0313,ipfs-original,普通,豹拉,T-pose残留,五星眼,原厂贴图,无,方向盘,山洞里,无,云雀缺席,影院翻拍
314,牛来 #0314,ipfs-original,普通,路人牛,直立呆站,斗鸡眼,原厂贴图,黑皮夹克,无,影厅,弹幕,云雀缺席,片源直出
315,牛来 #0315,ipfs-original,普通,灵蛇,直立呆站,豆眼,原厂贴图,白大褂,安全帽,荒漠夜,弹幕,云雀缺席,影院翻拍
316,牛来 #0316,ipfs-original,普通,牛来,单手举起,死鱼眼,UV接缝可见,无,口罩,荒漠,无,云雀缺席,片源直出
317,牛来 #0317,ipfs-original,普通,牛来,直立呆站,死鱼眼,贴图丢失,校服外套,3D眼镜,荒漠夜,加场印章,云雀在场,片源直出
318,牛来 #0318,ipfs-original,普通,豹拉,直立呆站,斗鸡眼,原厂贴图,无,方向盘,荒漠夜,票房计数器,云雀在场,影院翻拍
319,牛来 #0319,ipfs-original,普通,豹拉,直立呆站,斗鸡眼,原厂贴图,无,保龄球果子,梦境,弹幕,云雀在场,影院翻拍
320,牛来 #0320,ipfs-original,普通,豹拉,T-pose残留,斗鸡眼,UV接缝可见,白大褂,锦旗,跌停板,无,云雀缺席,片源直出
321,牛来 #0321,ipfs-original,普通,路人牛,T-pose残留,死鱼眼,原厂贴图,无,牛奶瓶,悬崖推土车,弹幕,云雀在场,影院翻拍
322,牛来 #0322,ipfs-original,普通,路人牛,直立呆站,斗鸡眼,原厂贴图,红披风,保龄球果子,梦境,加场印章,云雀缺席,片源直出
323,牛来 #0323,ipfs-original,普通,路人牛,T-pose残留,少了一只眼,原厂贴图,黑皮夹克,无,影院门口,票房计数器,云雀缺席,影院翻拍
324,牛来 #0324,ipfs-original,普通,豹拉,直立呆站,死鱼眼,原厂贴图,无,折扇,悬崖推土车,加场印章,云雀缺席,影院翻拍
325,牛来 #0325,ipfs-original,普通,牛妈,直立呆站,少了一只眼,原厂贴图,无,锦旗,大平地,穿模标注,云雀缺席,影院翻拍
326,牛来 #0326,okx-reconstructed,普通,路人牛,单手举起,豆眼,原厂贴图,无,折扇,影院门口,弹幕,云雀缺席,影院翻拍
327,牛来 #0327,ipfs-original,普通,灵蛇,T-pose残留,斗鸡眼,UV接缝可见,牛马工牌衬衫,一把韭菜,大平地,无,云雀在场,影院翻拍
328,牛来 #0328,ipfs-original,稀有,牛来,直立呆站,斗鸡眼,原厂贴图,无,五星胸牌,水墨河谷,弹幕,云雀在场,影院翻拍
329,牛来 #0329,ipfs-original,稀有,牛妈,直立呆站,死鱼眼,原厂贴图,红唐装,牺牲光环,牛群集会,弹幕,云雀在场,片源直出
330,牛来 #0330,ipfs-original,普通,牛妈,T-pose残留,死鱼眼,原厂贴图,红披风,场记板,悬崖推土车,弹幕,云雀缺席,片源直出
331,牛来 #0331,ipfs-original,普通,狼狗,直立呆站,豆眼,原厂贴图,牛马工牌衬衫,无,牛群集会,无,云雀在场,影院翻拍
332,牛来 #0332,ipfs-original,普通,灵蛇,直立呆站,少了一只眼,原厂贴图,7号球衣,一把韭菜,牛马工位,加场印章,云雀在场,影院翻拍
333,牛来 #0333,ipfs-original,稀有,牛妈,T-pose残留,豆眼,原厂贴图,红披风,保龄球果子,梦境,加场印章,云雀在场,片源直出
334,牛来 #0334,ipfs-original,普通,路人牛,直立呆站,少了一只眼,原厂贴图,无,无,贴图树林,票房计数器,云雀在场,影院翻拍
335,牛来 #0335,ipfs-original,稀有,牛妈,单手举起,豆眼,UV接缝可见,无,安全帽,涨停板,加场印章,云雀在场,影院翻拍
336,牛来 #0336,ipfs-original,普通,路人牛,直立呆站,死鱼眼,UV接缝可见,无,安全帽,牛角古树,无,云雀缺席,片源直出
337,牛来 #0337,ipfs-original,普通,牛来,直立呆站,死鱼眼,UV接缝可见,校服外套,K线小旗,影厅,无,云雀缺席,影院翻拍
338,牛来 #0338,ipfs-original,普通,牛妈,T-pose残留,死鱼眼,原厂贴图,无,麦克风,牛马工位,涨停标签,云雀缺席,影院翻拍
339,牛来 #0339,ipfs-original,普通,牛来,直立呆站,豆眼,UV接缝可见,无,电影票根,山洞里,加场印章,云雀在场,片源直出
340,牛来 #0340,ipfs-original,史诗,云雀,直立呆站,少了一只眼,原厂贴图,黑皮夹克,电影票根,梦境,无,云雀缺席,影院翻拍
341,牛来 #0341,ipfs-original,普通,路人牛,直立呆站,五星眼,UV接缝可见,校服外套,保龄球果子,影厅,票房计数器,云雀缺席,片源直出
342,牛来 #0342,okx-reconstructed,普通,牛来,单手举起,死鱼眼,原厂贴图,黑皮夹克,安全帽,云上梦境,无,云雀缺席,片源直出
343,牛来 #0343,ipfs-original,普通,灵蛇,直立呆站,少了一只眼,原厂贴图,股民西装马甲,无,荒漠,无,云雀在场,影院翻拍
344,牛来 #0344,ipfs-original,史诗,灵蛇,单手举起,死鱼眼,UV接缝可见,牛来卫衣,电影票根,影厅,穿模标注,云雀缺席,影院翻拍
345,牛来 #0345,ipfs-original,普通,路人牛,直立呆站,斗鸡眼,贴图丢失,牛来卫衣,K线小旗,影厅,无,云雀在场,片源直出
346,牛来 #0346,ipfs-original,普通,路人牛,T-pose残留,斗鸡眼,原厂贴图,无,金元宝,悬崖推土车,无,云雀缺席,影院翻拍
347,牛来 #0347,ipfs-original,普通,云雀,T-pose残留,斗鸡眼,原厂贴图,红披风,电影票根,悬崖推土车,无,云雀缺席,影院翻拍
348,牛来 #0348,ipfs-original,普通,豹拉,单手举起,少了一只眼,贴图丢失,股民西装马甲,奖杯,影厅,涨停标签,云雀缺席,片源直出
349,牛来 #0349,ipfs-original,普通,牛来,直立呆站,豆眼,原厂贴图,校服外套,口罩,大平地,加场印章,云雀缺席,影院翻拍
350,牛来 #0350,ipfs-original,稀有,路人牛,直立呆站,豆眼,原厂贴图,皮草大衣,五星胸牌,牛角古树,弹幕,云雀在场,片源直出
351,牛来 #0351,ipfs-original,普通,狼狗,直立呆站,豆眼,原厂贴图,无,K线小旗,深渊,票房计数器,云雀缺席,影院翻拍
352,牛来 #0352,okx-reconstructed,普通,狼狗,直立呆站,斗鸡眼,原厂贴图,无,保龄球果子,荒漠,票房计数器,云雀缺席,影院翻拍
353,牛来 #0353,ipfs-original,普通,豹拉,单手举起,豆眼,原厂贴图,无,电影票根,大平地,无,云雀在场,影院翻拍
354,牛来 #0354,ipfs-original,稀有,路人牛,直立呆站,斗鸡眼,贴图丢失,黄雨衣,场记板,跌停板,加场印章,云雀在场,片源直出
355,牛来 #0355,ipfs-original,普通,路人牛,直立呆站,死鱼眼,原厂贴图,校服外套,保龄球果子,云上梦境,无,云雀缺席,影院翻拍
356,牛来 #0356,ipfs-original,普通,牛妈,T-pose残留,豆眼,原厂贴图,无,方向盘,水墨河谷,无,云雀缺席,片源直出
357,牛来 #0357,ipfs-original,稀有,豹拉,直立呆站,斗鸡眼,贴图丢失,无,无,悬崖推土车,加场印章,云雀在场,片源直出
358,牛来 #0358,ipfs-original,普通,灵蛇,单手举起,五星眼,原厂贴图,红领巾,牛奶瓶,影厅,弹幕,云雀缺席,片源直出
359,牛来 #0359,ipfs-original,普通,灵蛇,T-pose残留,五星眼,原厂贴图,无,K线小旗,影厅,涨停标签,云雀在场,影院翻拍
360,牛来 #0360,ipfs-original,普通,豹拉,直立呆站,死鱼眼,贴图丢失,无,金元宝,影厅,无,云雀缺席,影院翻拍
361,牛来 #0361,ipfs-original,普通,牛来,T-pose残留,少了一只眼,原厂贴图,无,无,牛角古树,无,云雀缺席,片源直出
362,牛来 #0362,ipfs-original,稀有,路人牛,直立呆站,豆眼,贴图丢失,股民西装马甲,奖杯,大平地,弹幕,云雀在场,片源直出
363,牛来 #0363,ipfs-original,普通,路人牛,直立呆站,五星眼,贴图丢失,校服外套,折扇,荒漠夜,无,云雀缺席,片源直出
364,牛来 #0364,ipfs-original,普通,灵蛇,单手举起,豆眼,贴图丢失,无,电影票根,梦境,无,云雀在场,影院翻拍
365,牛来 #0365,ipfs-original,普通,路人牛,T-pose残留,豆眼,原厂贴图,红领巾,无,荒漠,加场印章,云雀在场,片源直出
366,牛来 #0366,ipfs-original,普通,灵蛇,直立呆站,五星眼,贴图丢失,校服外套,保龄球果子,牛马工位,加场印章,云雀缺席,影院翻拍
367,牛来 #0367,ipfs-original,普通,路人牛,T-pose残留,死鱼眼,原厂贴图,无,无,涨停板,无,云雀在场,影院翻拍
368,牛来 #0368,ipfs-original,普通,云雀,直立呆站,豆眼,原厂贴图,红领巾,耳机,云上梦境,涨停标签,云雀缺席,片源直出
369,牛来 #0369,ipfs-original,普通,牛来,直立呆站,死鱼眼,原厂贴图,无,股民墨镜,牛群集会,无,云雀缺席,影院翻拍
370,牛来 #0370,ipfs-original,普通,路人牛,单手举起,死鱼眼,原厂贴图,无,3D眼镜,荒漠,无,云雀缺席,影院翻拍
371,牛来 #0371,ipfs-original,稀有,云雀,直立呆站,豆眼,原厂贴图,红披风,牛奶瓶,荒漠,加场印章,云雀缺席,片源直出
372,牛来 #0372,ipfs-original,普通,豹拉,T-pose残留,豆眼,原厂贴图,无,五星胸牌,梦境,涨停标签,云雀在场,影院翻拍
373,牛来 #0373,ipfs-original,普通,路人牛,直立呆站,死鱼眼,原厂贴图,红领巾,麦克风,影院门口,无,云雀缺席,片源直出
374,牛来 #0374,ipfs-original,普通,牛妈,单手举起,斗鸡眼,贴图丢失,无,无,梦境,无,云雀在场,影院翻拍
375,牛来 #0375,ipfs-original,普通,牛来,直立呆站,豆眼,原厂贴图,股民西装马甲,爆米花桶,大平地,无,云雀缺席,片源直出
376,牛来 #0376,okx-reconstructed,稀有,牛妈,T-pose残留,五星眼,原厂贴图,红披风,牺牲光环,贴图树林,加场印章,云雀在场,影院翻拍
377,牛来 #0377,ipfs-original,普通,路人牛,T-pose残留,斗鸡眼,贴图丢失,牛马工牌衬衫,无,荒漠,无,云雀缺席,影院翻拍
378,牛来 #0378,ipfs-original,稀有,牛来,直立呆站,死鱼眼,原厂贴图,无,奖杯,荒漠夜,弹幕,云雀在场,影院翻拍
379,牛来 #0379,ipfs-original,普通,豹拉,T-pose残留,豆眼,原厂贴图,无,无,大平地,弹幕,云雀缺席,影院翻拍
380,牛来 #0380,ipfs-original,普通,牛妈,T-pose残留,少了一只眼,原厂贴图,无,锦旗,大平地,无,云雀在场,影院翻拍
381,牛来 #0381,ipfs-original,普通,牛来,直立呆站,豆眼,贴图丢失,无,折扇,影院门口,无,云雀在场,片源直出
382,牛来 #0382,ipfs-original,普通,路人牛,直立呆站,豆眼,UV接缝可见,股民西装马甲,无,影厅,无,云雀在场,片源直出
383,牛来 #0383,ipfs-original,普通,路人牛,直立呆站,豆眼,原厂贴图,无,假胡子,荒漠夜,无,云雀缺席,影院翻拍
384,牛来 #0384,ipfs-original,普通,豹拉,直立呆站,斗鸡眼,原厂贴图,无,无,影厅,票房计数器,云雀在场,影院翻拍
385,牛来 #0385,ipfs-original,普通,狼狗,直立呆站,五星眼,原厂贴图,红唐装,折扇,影院门口,弹幕,云雀缺席,片源直出
386,牛来 #0386,ipfs-original,普通,豹拉,直立呆站,豆眼,原厂贴图,红唐装,麦克风,贴图树林,无,云雀缺席,影院翻拍
387,牛来 #0387,ipfs-original,普通,狼狗,直立呆站,豆眼,UV接缝可见,无,保龄球果子,大平地,无,云雀缺席,片源直出
388,牛来 #0388,ipfs-original,普通,狼狗,直立呆站,豆眼,原厂贴图,校服外套,无,大平地,无,云雀缺席,影院翻拍
389,牛来 #0389,ipfs-original,普通,牛妈,直立呆站,斗鸡眼,贴图丢失,牛马工牌衬衫,保龄球果子,梦境,无,云雀缺席,片源直出
390,牛来 #0390,ipfs-original,普通,灵蛇,T-pose残留,少了一只眼,UV接缝可见,红领巾,股民墨镜,梦境,无,云雀缺席,影院翻拍
391,牛来 #0391,ipfs-original,普通,灵蛇,直立呆站,豆眼,原厂贴图,牛马工牌衬衫,牛奶瓶,梦境,无,云雀在场,片源直出
392,牛来 #0392,ipfs-original,史诗,灵蛇,T-pose残留,斗鸡眼,贴图丢失,红领巾,电影票根,影厅,弹幕,云雀缺席,影院翻拍
393,牛来 #0393,ipfs-original,普通,牛来,直立呆站,豆眼,原厂贴图,红披风,电影票根,梦境,无,云雀缺席,片源直出
394,牛来 #0394,ipfs-original,普通,牛来,T-pose残留,五星眼,原厂贴图,白大褂,无,悬崖推土车,加场印章,云雀缺席,影院翻拍
395,牛来 #0395,ipfs-original,稀有,豹拉,T-pose残留,豆眼,原厂贴图,无,无,山洞里,弹幕,云雀在场,影院翻拍
396,牛来 #0396,ipfs-original,稀有,豹拉,单手举起,豆眼,原厂贴图,黄雨衣,爆米花桶,深渊,加场印章,云雀在场,影院翻拍
397,牛来 #0397,ipfs-original,普通,牛来,T-pose残留,豆眼,原厂贴图,勇士铠甲,奖杯,云上梦境,票房计数器,云雀在场,影院翻拍
398,牛来 #0398,ipfs-original,普通,路人牛,T-pose残留,豆眼,原厂贴图,红披风,金元宝,牛角古树,穿模标注,云雀缺席,影院翻拍
399,牛来 #0399,ipfs-original,普通,狼狗,直立呆站,豆眼,原厂贴图,红唐装,股民墨镜,悬崖推土车,弹幕,云雀缺席,片源直出
400,牛来 #0400,ipfs-original,普通,豹拉,直立呆站,豆眼,UV接缝可见,无,一把韭菜,涨停板,无,云雀缺席,片源直出
401,牛来 #0401,ipfs-original,稀有,牛妈,直立呆站,死鱼眼,贴图丢失,红唐装,牺牲光环,跌停板,弹幕,云雀在场,影院翻拍
402,牛来 #0402,ipfs-original,普通,豹拉,直立呆站,斗鸡眼,原厂贴图,校服外套,安全帽,跌停板,弹幕,云雀在场,影院翻拍
403,牛来 #0403,ipfs-original,稀有,豹拉,直立呆站,豆眼,原厂贴图,白大褂,无,牛角古树,弹幕,云雀在场,影院翻拍
404,牛来 #0404,ipfs-original,稀有,牛来,直立呆站,斗鸡眼,贴图丢失,红领巾,股民墨镜,牛角古树,弹幕,云雀在场,影院翻拍
405,牛来 #0405,ipfs-original,普通,狼狗,直立呆站,豆眼,UV接缝可见,红领巾,无,悬崖推土车,无,云雀缺席,影院翻拍
406,牛来 #0406,ipfs-original,稀有,路人牛,单手举起,豆眼,原厂贴图,无,无,牛群集会,加场印章,云雀在场,片源直出
407,牛来 #0407,ipfs-original,普通,云雀,直立呆站,五星眼,UV接缝可见,皮草大衣,无,影院门口,弹幕,云雀缺席,影院翻拍
408,牛来 #0408,ipfs-original,史诗,豹拉,T-pose残留,斗鸡眼,贴图丢失,白大褂,电影票根,影厅,票房计数器,云雀在场,影院翻拍
409,牛来 #0409,ipfs-original,普通,路人牛,直立呆站,豆眼,UV接缝可见,红唐装,场记板,大平地,涨停标签,云雀在场,片源直出
410,牛来 #0410,ipfs-original,普通,牛妈,直立呆站,少了一只眼,原厂贴图,校服外套,一把韭菜,贴图树林,无,云雀在场,片源直出
411,牛来 #0411,ipfs-original,普通,狼狗,T-pose残留,少了一只眼,原厂贴图,黑皮夹克,保龄球果子,水墨河谷,票房计数器,云雀缺席,片源直出
412,牛来 #0412,ipfs-original,稀有,牛来,直立呆站,斗鸡眼,贴图丢失,无,五星胸牌,大平地,加场印章,云雀在场,影院翻拍
413,牛来 #0413,ipfs-original,普通,路人牛,直立呆站,豆眼,原厂贴图,无,无,梦境,穿模标注,云雀在场,片源直出
414,牛来 #0414,ipfs-original,普通,牛妈,T-pose残留,死鱼眼,原厂贴图,黑皮夹克,场记板,大平地,票房计数器,云雀在场,片源直出
415,牛来 #0415,ipfs-original,普通,牛妈,T-pose残留,豆眼,贴图丢失,7号球衣,锦旗,影厅,票房计数器,云雀缺席,片源直出
416,牛来 #0416,ipfs-original,普通,豹拉,直立呆站,死鱼眼,UV接缝可见,红唐装,耳机,大平地,无,云雀在场,片源直出
417,牛来 #0417,ipfs-original,普通,路人牛,直立呆站,死鱼眼,原厂贴图,牛来卫衣,锦旗,牛角古树,无,云雀缺席,影院翻拍
418,牛来 #0418,ipfs-original,普通,豹拉,直立呆站,豆眼,原厂贴图,皮草大衣,K线小旗,大平地,涨停标签,云雀缺席,片源直出
419,牛来 #0419,ipfs-original,普通,狼狗,直立呆站,豆眼,贴图丢失,无,电影票根,贴图树林,无,云雀缺席,片源直出
420,牛来 #0420,ipfs-original,普通,路人牛,T-pose残留,死鱼眼,原厂贴图,红领巾,方向盘,贴图树林,涨停标签,云雀缺席,片源直出
421,牛来 #0421,ipfs-original,普通,牛妈,直立呆站,死鱼眼,贴图丢失,红披风,牺牲光环,梦境,无,云雀在场,片源直出
422,牛来 #0422,ipfs-original,普通,路人牛,直立呆站,死鱼眼,原厂贴图,无,无,大平地,弹幕,云雀在场,影院翻拍
423,牛来 #0423,ipfs-original,普通,牛妈,T-pose残留,少了一只眼,原厂贴图,红披风,无,梦境,无,云雀缺席,影院翻拍
424,牛来 #0424,ipfs-original,普通,牛来,直立呆站,五星眼,原厂贴图,校服外套,股民墨镜,云上梦境,穿模标注,云雀缺席,片源直出
425,牛来 #0425,okx-reconstructed,普通,狼狗,直立呆站,少了一只眼,UV接缝可见,红披风,奖杯,大平地,穿模标注,云雀缺席,片源直出
426,牛来 #0426,ipfs-original,普通,豹拉,T-pose残留,豆眼,原厂贴图,无,耳机,影院门口,涨停标签,云雀缺席,影院翻拍
427,牛来 #0427,ipfs-original,稀有,牛来,T-pose残留,死鱼眼,原厂贴图,无,篮球,梦境,弹幕,云雀在场,影院翻拍
428,牛来 #0428,ipfs-original,普通,牛妈,直立呆站,豆眼,原厂贴图,红披风,奖杯,牛马工位,票房计数器,云雀在场,片源直出
429,牛来 #0429,ipfs-original,普通,牛来,直立呆站,五星眼,UV接缝可见,校服外套,五星胸牌,牛角古树,涨停标签,云雀在场,片源直出
430,牛来 #0430,ipfs-original,普通,云雀,单手举起,少了一只眼,UV接缝可见,7号球衣,折扇,跌停板,涨停标签,云雀缺席,影院翻拍
431,牛来 #0431,ipfs-original,稀有,牛来,T-pose残留,死鱼眼,原厂贴图,牛来卫衣,无,牛角古树,加场印章,云雀在场,影院翻拍
432,牛来 #0432,ipfs-original,普通,灵蛇,直立呆站,豆眼,UV接缝可见,黑皮夹克,电影票根,牛马工位,票房计数器,云雀在场,影院翻拍
433,牛来 #0433,ipfs-original,稀有,牛来,T-pose残留,死鱼眼,原厂贴图,黑皮夹克,篮球,贴图树林,加场印章,云雀在场,影院翻拍
434,牛来 #0434,ipfs-original,普通,豹拉,T-pose残留,豆眼,原厂贴图,牛来卫衣,方向盘,悬崖推土车,票房计数器,云雀缺席,片源直出
435,牛来 #0435,ipfs-original,普通,牛来,单手举起,死鱼眼,贴图丢失,无,爆米花桶,大平地,弹幕,云雀缺席,影院翻拍
436,牛来 #0436,ipfs-original,普通,牛来,直立呆站,斗鸡眼,UV接缝可见,无,麦克风,水墨河谷,无,云雀缺席,片源直出
437,牛来 #0437,ipfs-original,普通,牛来,T-pose残留,豆眼,原厂贴图,牛来卫衣,K线小旗,贴图树林,加场印章,云雀缺席,片源直出
438,牛来 #0438,ipfs-original,稀有,云雀,直立呆站,斗鸡眼,UV接缝可见,红披风,保龄球果子,贴图树林,加场印章,云雀缺席,影院翻拍
439,牛来 #0439,okx-reconstructed,普通,牛妈,单手举起,死鱼眼,原厂贴图,无,金元宝,大平地,无,云雀在场,影院翻拍
440,牛来 #0440,ipfs-original,普通,牛来,单手举起,斗鸡眼,原厂贴图,股民西装马甲,保龄球果子,云上梦境,无,云雀在场,片源直出
441,牛来 #0441,ipfs-original,普通,豹拉,直立呆站,豆眼,原厂贴图,红唐装,保龄球果子,牛马工位,票房计数器,云雀缺席,片源直出
442,牛来 #0442,ipfs-original,普通,牛来,直立呆站,五星眼,UV接缝可见,7号球衣,五星胸牌,梦境,无,云雀在场,影院翻拍
443,牛来 #0443,ipfs-original,普通,灵蛇,直立呆站,死鱼眼,原厂贴图,股民西装马甲,牺牲光环,大平地,无,云雀缺席,片源直出
444,牛来 #0444,ipfs-original,普通,豹拉,直立呆站,斗鸡眼,贴图丢失,7号球衣,五星胸牌,牛角古树,加场印章,云雀缺席,片源直出
445,牛来 #0445,ipfs-original,普通,豹拉,T-pose残留,豆眼,原厂贴图,无,牛奶瓶,荒漠夜,无,云雀缺席,影院翻拍
446,牛来 #0446,ipfs-original,普通,牛来,直立呆站,少了一只眼,UV接缝可见,校服外套,奖杯,牛群集会,加场印章,云雀缺席,影院翻拍
447,牛来 #0447,ipfs-original,普通,云雀,直立呆站,豆眼,原厂贴图,红披风,保龄球果子,贴图树林,票房计数器,云雀缺席,片源直出
448,牛来 #0448,ipfs-original,普通,牛妈,直立呆站,豆眼,原厂贴图,红披风,无,贴图树林,无,云雀缺席,影院翻拍
449,牛来 #0449,ipfs-original,普通,牛来,直立呆站,死鱼眼,原厂贴图,股民西装马甲,假胡子,云上梦境,涨停标签,云雀在场,影院翻拍
450,牛来 #0450,ipfs-original,普通,豹拉,直立呆站,豆眼,贴图丢失,牛来卫衣,无,大平地,无,云雀缺席,片源直出
451,牛来 #0451,ipfs-original,稀有,路人牛,直立呆站,死鱼眼,贴图丢失,无,牛奶瓶,大平地,加场印章,云雀在场,片源直出
452,牛来 #0452,ipfs-original,稀有,牛来,T-pose残留,豆眼,UV接缝可见,牛来卫衣,麦克风,涨停板,加场印章,云雀在场,片源直出
453,牛来 #0453,ipfs-original,普通,牛妈,直立呆站,死鱼眼,UV接缝可见,无,篮球,影厅,无,云雀在场,影院翻拍
454,牛来 #0454,okx-reconstructed,稀有,豹拉,直立呆站,斗鸡眼,UV接缝可见,股民西装马甲,五星胸牌,大平地,弹幕,云雀在场,片源直出
455,牛来 #0455,ipfs-original,普通,狼狗,直立呆站,死鱼眼,原厂贴图,校服外套,锦旗,牛群集会,无,云雀缺席,影院翻拍
456,牛来 #0456,ipfs-original,普通,牛来,T-pose残留,豆眼,UV接缝可见,白大褂,无,影院门口,无,云雀缺席,影院翻拍
457,牛来 #0457,ipfs-original,普通,路人牛,T-pose残留,斗鸡眼,UV接缝可见,牛来卫衣,K线小旗,牛角古树,票房计数器,云雀缺席,影院翻拍
458,牛来 #0458,ipfs-original,普通,狼狗,直立呆站,五星眼,原厂贴图,无,麦克风,涨停板,无,云雀缺席,影院翻拍
459,牛来 #0459,ipfs-original,普通,狼狗,单手举起,豆眼,原厂贴图,无,保龄球果子,涨停板,穿模标注,云雀缺席,片源直出
460,牛来 #0460,ipfs-original,普通,豹拉,单手举起,豆眼,原厂贴图,黑皮夹克,电影票根,云上梦境,无,云雀在场,影院翻拍
461,牛来 #0461,ipfs-original,普通,云雀,直立呆站,死鱼眼,原厂贴图,牛来卫衣,保龄球果子,云上梦境,无,云雀缺席,片源直出
462,牛来 #0462,ipfs-original,普通,牛来,单手举起,五星眼,UV接缝可见,无,金元宝,牛马工位,无,云雀缺席,影院翻拍
463,牛来 #0463,ipfs-original,稀有,牛妈,单手举起,五星眼,原厂贴图,红唐装,篮球,荒漠,弹幕,云雀在场,影院翻拍
464,牛来 #0464,ipfs-original,传说,灵蛇,T-pose残留,五星眼,牛市金身,红披风,金冠,影厅,票房计数器,云雀在场,片源直出
465,牛来 #0465,ipfs-original,普通,狼狗,直立呆站,死鱼眼,原厂贴图,无,无,牛群集会,涨停标签,云雀缺席,影院翻拍
466,牛来 #0466,ipfs-original,普通,路人牛,T-pose残留,死鱼眼,原厂贴图,白大褂,电影票根,大平地,票房计数器,云雀在场,片源直出
467,牛来 #0467,ipfs-original,普通,豹拉,直立呆站,死鱼眼,原厂贴图,红领巾,无,牛群集会,涨停标签,云雀缺席,片源直出
468,牛来 #0468,ipfs-original,普通,路人牛,直立呆站,五星眼,UV接缝可见,黑皮夹克,爆米花桶,牛群集会,无,云雀在场,片源直出
469,牛来 #0469,ipfs-original,普通,云雀,T-pose残留,豆眼,原厂贴图,无,3D眼镜,牛马工位,弹幕,云雀缺席,影院翻拍
470,牛来 #0470,ipfs-original,史诗,路人牛,直立呆站,豆眼,UV接缝可见,7号球衣,电影票根,梦境,票房计数器,云雀缺席,影院翻拍
471,牛来 #0471,ipfs-original,普通,路人牛,T-pose残留,斗鸡眼,原厂贴图,无,麦克风,贴图树林,加场印章,云雀在场,片源直出
472,牛来 #0472,ipfs-original,普通,牛来,T-pose残留,豆眼,原厂贴图,红领巾,奖杯,大平地,弹幕,云雀缺席,影院翻拍
473,牛来 #0473,ipfs-original,普通,狼狗,直立呆站,豆眼,原厂贴图,皮草大衣,奖杯,牛角古树,穿模标注,云雀在场,影院翻拍
474,牛来 #0474,ipfs-original,普通,路人牛,直立呆站,五星眼,贴图丢失,牛来卫衣,无,涨停板,涨停标签,云雀缺席,片源直出
475,牛来 #0475,ipfs-original,普通,牛妈,T-pose残留,死鱼眼,原厂贴图,无,无,影厅,穿模标注,云雀缺席,片源直出
476,牛来 #0476,ipfs-original,普通,牛来,T-pose残留,五星眼,UV接缝可见,红唐装,麦克风,荒漠,无,云雀缺席,影院翻拍
477,牛来 #0477,ipfs-original,普通,路人牛,T-pose残留,死鱼眼,原厂贴图,无,爆米花桶,山洞里,加场印章,云雀在场,片源直出
478,牛来 #0478,ipfs-original,普通,豹拉,T-pose残留,豆眼,原厂贴图,白大褂,无,牛马工位,穿模标注,云雀缺席,影院翻拍
479,牛来 #0479,ipfs-original,普通,灵蛇,直立呆站,死鱼眼,原厂贴图,无,锦旗,跌停板,无,云雀在场,影院翻拍
480,牛来 #0480,ipfs-original,普通,灵蛇,T-pose残留,豆眼,原厂贴图,无,无,荒漠,穿模标注,云雀缺席,片源直出
481,牛来 #0481,ipfs-original,稀有,路人牛,单手举起,豆眼,贴图丢失,无,K线小旗,梦境,弹幕,云雀在场,影院翻拍
482,牛来 #0482,ipfs-original,普通,狼狗,直立呆站,死鱼眼,UV接缝可见,无,篮球,荒漠,票房计数器,云雀缺席,影院翻拍
483,牛来 #0483,okx-reconstructed,稀有,牛妈,单手举起,豆眼,UV接缝可见,牛来卫衣,假胡子,悬崖推土车,加场印章,云雀在场,片源直出
484,牛来 #0484,ipfs-original,普通,豹拉,单手举起,死鱼眼,原厂贴图,股民西装马甲,锦旗,跌停板,票房计数器,云雀缺席,片源直出
485,牛来 #0485,okx-reconstructed,普通,狼狗,直立呆站,豆眼,原厂贴图,股民西装马甲,口罩,牛马工位,票房计数器,云雀在场,影院翻拍
486,牛来 #0486,ipfs-original,普通,牛来,直立呆站,豆眼,原厂贴图,无,3D眼镜,悬崖推土车,穿模标注,云雀在场,影院翻拍
487,牛来 #0487,ipfs-original,普通,灵蛇,单手举起,死鱼眼,UV接缝可见,校服外套,麦克风,水墨河谷,弹幕,云雀在场,影院翻拍
488,牛来 #0488,ipfs-original,普通,路人牛,直立呆站,死鱼眼,原厂贴图,股民西装马甲,篮球,大平地,无,云雀在场,影院翻拍
489,牛来 #0489,ipfs-original,史诗,牛来,T-pose残留,少了一只眼,原厂贴图,牛来卫衣,电影票根,影厅,票房计数器,云雀缺席,影院翻拍
490,牛来 #0490,ipfs-original,普通,牛来,直立呆站,死鱼眼,UV接缝可见,无,K线小旗,梦境,穿模标注,云雀在场,片源直出
491,牛来 #0491,ipfs-original,普通,灵蛇,T-pose残留,死鱼眼,UV接缝可见,无,一把韭菜,涨停板,无,云雀缺席,影院翻拍
492,牛来 #0492,ipfs-original,普通,牛妈,直立呆站,死鱼眼,原厂贴图,无,无,大平地,无,云雀缺席,影院翻拍
493,牛来 #0493,ipfs-original,普通,牛来,直立呆站,豆眼,UV接缝可见,无,爆米花桶,水墨河谷,无,云雀缺席,片源直出
494,牛来 #0494,ipfs-original,普通,狼狗,直立呆站,斗鸡眼,贴图丢失,红披风,麦克风,涨停板,穿模标注,云雀在场,片源直出
495,牛来 #0495,ipfs-original,普通,云雀,T-pose残留,死鱼眼,UV接缝可见,无,假胡子,荒漠,加场印章,云雀缺席,影院翻拍
496,牛来 #0496,ipfs-original,普通,牛妈,单手举起,少了一只眼,原厂贴图,牛马工牌衬衫,电影票根,大平地,无,云雀在场,影院翻拍
497,牛来 #0497,ipfs-original,稀有,牛来,直立呆站,五星眼,UV接缝可见,7号球衣,股民墨镜,梦境,加场印章,云雀在场,影院翻拍
498,牛来 #0498,ipfs-original,普通,牛来,单手举起,五星眼,贴图丢失,皮草大衣,牛奶瓶,大平地,无,云雀缺席,片源直出
499,牛来 #0499,ipfs-original,普通,牛来,单手举起,豆眼,原厂贴图,红领巾,方向盘,贴图树林,穿模标注,云雀在场,影院翻拍
500,牛来 #0500,ipfs-original,普通,牛来,直立呆站,豆眼,原厂贴图,无,无,大平地,穿模标注,云雀缺席,影院翻拍
501,牛来 #0501,ipfs-original,普通,路人牛,直立呆站,斗鸡眼,原厂贴图,黑皮夹克,无,水墨河谷,无,云雀缺席,影院翻拍
502,牛来 #0502,ipfs-original,普通,牛来,直立呆站,豆眼,贴图丢失,无,一把韭菜,荒漠夜,票房计数器,云雀缺席,影院翻拍
503,牛来 #0503,ipfs-original,普通,路人牛,单手举起,斗鸡眼,原厂贴图,牛马工牌衬衫,折扇,大平地,无,云雀缺席,影院翻拍
504,牛来 #0504,ipfs-original,稀有,路人牛,直立呆站,五星眼,原厂贴图,白大褂,方向盘,荒漠夜,加场印章,云雀在场,片源直出
505,牛来 #0505,ipfs-original,普通,牛来,直立呆站,豆眼,UV接缝可见,校服外套,无,荒漠夜,无,云雀缺席,影院翻拍
506,牛来 #0506,ipfs-original,普通,狼狗,T-pose残留,死鱼眼,原厂贴图,股民西装马甲,五星胸牌,牛角古树,无,云雀缺席,片源直出
507,牛来 #0507,ipfs-original,稀有,路人牛,单手举起,豆眼,原厂贴图,牛马工牌衬衫,无,牛群集会,加场印章,云雀在场,片源直出
508,牛来 #0508,okx-reconstructed,普通,路人牛,单手举起,少了一只眼,原厂贴图,7号球衣,金元宝,涨停板,无,云雀缺席,影院翻拍
509,牛来 #0509,okx-reconstructed,史诗,牛妈,直立呆站,五星眼,原厂贴图,红唐装,电影票根,梦境,票房计数器,云雀缺席,片源直出
510,牛来 #0510,ipfs-original,传说,牛妈,直立呆站,五星眼,牛市金身,红披风,金冠,影厅,票房计数器,云雀在场,片源直出
511,牛来 #0511,ipfs-original,普通,狼狗,直立呆站,豆眼,UV接缝可见,无,方向盘,云上梦境,无,云雀缺席,影院翻拍
512,牛来 #0512,ipfs-original,普通,豹拉,直立呆站,斗鸡眼,原厂贴图,校服外套,口罩,深渊,无,云雀缺席,影院翻拍
513,牛来 #0513,okx-reconstructed,普通,路人牛,直立呆站,少了一只眼,原厂贴图,白大褂,爆米花桶,深渊,弹幕,云雀缺席,影院翻拍
514,牛来 #0514,ipfs-original,普通,云雀,直立呆站,斗鸡眼,原厂贴图,无,无,牛群集会,涨停标签,云雀缺席,片源直出
515,牛来 #0515,ipfs-original,普通,狼狗,T-pose残留,豆眼,原厂贴图,无,3D眼镜,大平地,无,云雀缺席,片源直出
516,牛来 #0516,ipfs-original,普通,路人牛,直立呆站,豆眼,原厂贴图,无,无,梦境,无,云雀在场,片源直出
517,牛来 #0517,ipfs-original,稀有,牛妈,T-pose残留,少了一只眼,原厂贴图,无,耳机,牛群集会,弹幕,云雀在场,影院翻拍
518,牛来 #0518,ipfs-original,稀有,云雀,直立呆站,斗鸡眼,贴图丢失,无,无,牛群集会,加场印章,云雀缺席,影院翻拍
519,牛来 #0519,ipfs-original,普通,灵蛇,直立呆站,五星眼,贴图丢失,无,方向盘,跌停板,无,云雀缺席,片源直出
520,牛来 #0520,ipfs-original,普通,路人牛,单手举起,死鱼眼,贴图丢失,红唐装,无,牛群集会,无,云雀缺席,影院翻拍
521,牛来 #0521,ipfs-original,普通,豹拉,直立呆站,死鱼眼,贴图丢失,无,保龄球果子,荒漠,无,云雀在场,影院翻拍
522,牛来 #0522,ipfs-original,普通,牛来,直立呆站,死鱼眼,贴图丢失,无,牺牲光环,荒漠夜,弹幕,云雀缺席,影院翻拍
523,牛来 #0523,ipfs-original,普通,豹拉,单手举起,豆眼,原厂贴图,红唐装,无,大平地,涨停标签,云雀缺席,影院翻拍
524,牛来 #0524,okx-reconstructed,史诗,路人牛,直立呆站,豆眼,UV接缝可见,牛马工牌衬衫,电影票根,梦境,票房计数器,云雀在场,片源直出
525,牛来 #0525,ipfs-original,普通,牛来,T-pose残留,豆眼,贴图丢失,红唐装,牛奶瓶,影厅,弹幕,云雀缺席,影院翻拍
526,牛来 #0526,ipfs-original,普通,豹拉,T-pose残留,斗鸡眼,原厂贴图,勇士铠甲,电影票根,大平地,涨停标签,云雀缺席,影院翻拍
527,牛来 #0527,ipfs-original,普通,牛来,T-pose残留,少了一只眼,贴图丢失,红领巾,口罩,梦境,无,云雀缺席,片源直出
528,牛来 #0528,ipfs-original,稀有,牛妈,T-pose残留,豆眼,原厂贴图,无,五星胸牌,深渊,弹幕,云雀在场,片源直出
529,牛来 #0529,ipfs-original,普通,豹拉,直立呆站,豆眼,原厂贴图,牛来卫衣,场记板,悬崖推土车,加场印章,云雀缺席,影院翻拍
530,牛来 #0530,ipfs-original,普通,路人牛,直立呆站,斗鸡眼,UV接缝可见,股民西装马甲,K线小旗,影院门口,穿模标注,云雀在场,片源直出
531,牛来 #0531,okx-reconstructed,普通,狼狗,T-pose残留,豆眼,原厂贴图,红唐装,折扇,涨停板,涨停标签,云雀缺席,影院翻拍
532,牛来 #0532,ipfs-original,普通,云雀,单手举起,豆眼,原厂贴图,校服外套,五星胸牌,影厅,涨停标签,云雀缺席,片源直出
533,牛来 #0533,okx-reconstructed,普通,路人牛,直立呆站,斗鸡眼,原厂贴图,牛来卫衣,牺牲光环,云上梦境,无,云雀在场,影院翻拍
534,牛来 #0534,ipfs-original,普通,牛来,直立呆站,少了一只眼,原厂贴图,黄雨衣,五星胸牌,荒漠,无,云雀缺席,片源直出
535,牛来 #0535,ipfs-original,普通,路人牛,T-pose残留,五星眼,原厂贴图,勇士铠甲,无,涨停板,穿模标注,云雀缺席,影院翻拍
536,牛来 #0536,ipfs-original,普通,路人牛,直立呆站,豆眼,牛市金身,红披风,耳机,牛角古树,无,云雀缺席,影院翻拍
537,牛来 #0537,ipfs-original,普通,牛妈,直立呆站,少了一只眼,原厂贴图,无,牺牲光环,影厅,无,云雀在场,影院翻拍
538,牛来 #0538,ipfs-original,普通,灵蛇,T-pose残留,豆眼,原厂贴图,无,无,水墨河谷,弹幕,云雀在场,片源直出
539,牛来 #0539,ipfs-original,普通,豹拉,直立呆站,五星眼,UV接缝可见,黄雨衣,3D眼镜,悬崖推土车,加场印章,云雀缺席,片源直出
540,牛来 #0540,ipfs-original,普通,牛来,T-pose残留,豆眼,贴图丢失,勇士铠甲,五星胸牌,贴图树林,无,云雀在场,影院翻拍
541,牛来 #0541,ipfs-original,普通,路人牛,直立呆站,豆眼,原厂贴图,无,折扇,大平地,弹幕,云雀缺席,片源直出
542,牛来 #0542,okx-reconstructed,普通,路人牛,单手举起,死鱼眼,原厂贴图,无,金元宝,牛角古树,涨停标签,云雀在场,片源直出
543,牛来 #0543,ipfs-original,普通,牛妈,直立呆站,少了一只眼,原厂贴图,股民西装马甲,牺牲光环,影厅,无,云雀在场,片源直出
544,牛来 #0544,ipfs-original,普通,豹拉,单手举起,豆眼,贴图丢失,无,方向盘,牛马工位,弹幕,云雀缺席,片源直出
545,牛来 #0545,ipfs-original,普通,灵蛇,直立呆站,斗鸡眼,UV接缝可见,无,K线小旗,牛角古树,涨停标签,云雀在场,影院翻拍
546,牛来 #0546,ipfs-original,普通,路人牛,直立呆站,豆眼,原厂贴图,无,方向盘,水墨河谷,弹幕,云雀缺席,影院翻拍
547,牛来 #0547,ipfs-original,普通,豹拉,直立呆站,豆眼,原厂贴图,校服外套,电影票根,荒漠,穿模标注,云雀在场,片源直出
548,牛来 #0548,okx-reconstructed,稀有,豹拉,T-pose残留,死鱼眼,原厂贴图,牛马工牌衬衫,保龄球果子,深渊,加场印章,云雀在场,影院翻拍
549,牛来 #0549,okx-reconstructed,普通,灵蛇,直立呆站,死鱼眼,原厂贴图,无,场记板,大平地,无,云雀在场,影院翻拍
550,牛来 #0550,ipfs-original,普通,路人牛,直立呆站,少了一只眼,原厂贴图,黑皮夹克,无,悬崖推土车,无,云雀缺席,影院翻拍
551,牛来 #0551,ipfs-original,普通,牛来,直立呆站,豆眼,原厂贴图,黑皮夹克,3D眼镜,梦境,无,云雀缺席,片源直出
552,牛来 #0552,ipfs-original,普通,豹拉,T-pose残留,豆眼,原厂贴图,校服外套,保龄球果子,水墨河谷,无,云雀缺席,片源直出
553,牛来 #0553,ipfs-original,普通,牛来,直立呆站,五星眼,UV接缝可见,无,麦克风,贴图树林,无,云雀在场,片源直出
554,牛来 #0554,ipfs-original,稀有,豹拉,直立呆站,豆眼,原厂贴图,无,方向盘,荒漠,弹幕,云雀在场,影院翻拍
555,牛来 #0555,okx-reconstructed,稀有,狼狗,直立呆站,死鱼眼,原厂贴图,白大褂,无,深渊,加场印章,云雀在场,影院翻拍
556,牛来 #0556,ipfs-original,普通,豹拉,直立呆站,斗鸡眼,原厂贴图,7号球衣,方向盘,牛群集会,票房计数器,云雀在场,片源直出
557,牛来 #0557,ipfs-original,普通,灵蛇,T-pose残留,五星眼,原厂贴图,股民西装马甲,一把韭菜,荒漠,弹幕,云雀缺席,影院翻拍
558,牛来 #0558,ipfs-original,普通,牛来,T-pose残留,五星眼,原厂贴图,校服外套,K线小旗,梦境,无,云雀缺席,片源直出
559,牛来 #0559,ipfs-original,普通,牛来,直立呆站,五星眼,原厂贴图,皮草大衣,耳机,牛马工位,票房计数器,云雀缺席,影院翻拍
560,牛来 #0560,ipfs-original,普通,牛妈,T-pose残留,豆眼,UV接缝可见,黑皮夹克,电影票根,牛角古树,穿模标注,云雀在场,片源直出
561,牛来 #0561,ipfs-original,普通,路人牛,单手举起,豆眼,原厂贴图,校服外套,口罩,水墨河谷,无,云雀在场,影院翻拍
562,牛来 #0562,ipfs-original,普通,豹拉,直立呆站,斗鸡眼,UV接缝可见,红领巾,金元宝,跌停板,穿模标注,云雀缺席,影院翻拍
563,牛来 #0563,ipfs-original,普通,灵蛇,单手举起,豆眼,UV接缝可见,黑皮夹克,方向盘,悬崖推土车,无,云雀缺席,影院翻拍
564,牛来 #0564,ipfs-original,普通,牛来,T-pose残留,五星眼,UV接缝可见,无,无,涨停板,加场印章,云雀缺席,影院翻拍
565,牛来 #0565,ipfs-original,普通,路人牛,直立呆站,死鱼眼,原厂贴图,无,篮球,大平地,无,云雀缺席,影院翻拍
566,牛来 #0566,ipfs-original,普通,豹拉,T-pose残留,死鱼眼,原厂贴图,红领巾,电影票根,牛群集会,无,云雀在场,片源直出
567,牛来 #0567,ipfs-original,普通,豹拉,T-pose残留,死鱼眼,原厂贴图,白大褂,场记板,深渊,无,云雀缺席,片源直出
568,牛来 #0568,ipfs-original,稀有,豹拉,单手举起,死鱼眼,原厂贴图,红披风,奖杯,荒漠,加场印章,云雀在场,片源直出
569,牛来 #0569,ipfs-original,普通,狼狗,直立呆站,五星眼,UV接缝可见,7号球衣,金元宝,荒漠,穿模标注,云雀缺席,影院翻拍
570,牛来 #0570,ipfs-original,稀有,牛来,T-pose残留,豆眼,牛市金身,股民西装马甲,保龄球果子,悬崖推土车,加场印章,云雀在场,影院翻拍
571,牛来 #0571,okx-reconstructed,普通,豹拉,直立呆站,少了一只眼,UV接缝可见,红唐装,无,大平地,无,云雀在场,片源直出
572,牛来 #0572,ipfs-original,普通,牛来,直立呆站,豆眼,UV接缝可见,红唐装,口罩,牛马工位,无,云雀在场,片源直出
573,牛来 #0573,ipfs-original,普通,牛来,T-pose残留,死鱼眼,原厂贴图,红披风,电影票根,牛群集会,涨停标签,云雀在场,影院翻拍
574,牛来 #0574,ipfs-original,普通,路人牛,直立呆站,豆眼,原厂贴图,牛来卫衣,折扇,影院门口,无,云雀缺席,片源直出
575,牛来 #0575,ipfs-original,普通,牛来,单手举起,豆眼,原厂贴图,股民西装马甲,奖杯,影厅,无,云雀缺席,影院翻拍
576,牛来 #0576,ipfs-original,普通,路人牛,T-pose残留,死鱼眼,原厂贴图,红披风,爆米花桶,云上梦境,无,云雀在场,片源直出
577,牛来 #0577,ipfs-original,普通,狼狗,直立呆站,斗鸡眼,原厂贴图,股民西装马甲,无,云上梦境,弹幕,云雀缺席,片源直出
578,牛来 #0578,ipfs-original,普通,牛来,单手举起,死鱼眼,原厂贴图,黑皮夹克,无,悬崖推土车,弹幕,云雀缺席,影院翻拍
579,牛来 #0579,ipfs-original,普通,牛来,直立呆站,豆眼,原厂贴图,无,假胡子,牛角古树,无,云雀在场,影院翻拍
580,牛来 #0580,ipfs-original,普通,狼狗,单手举起,豆眼,原厂贴图,红披风,无,悬崖推土车,票房计数器,云雀缺席,片源直出
581,牛来 #0581,ipfs-original,稀有,牛来,直立呆站,少了一只眼,原厂贴图,红披风,金元宝,大平地,弹幕,云雀在场,影院翻拍
582,牛来 #0582,ipfs-original,普通,牛妈,T-pose残留,豆眼,原厂贴图,无,K线小旗,云上梦境,穿模标注,云雀缺席,影院翻拍
583,牛来 #0583,ipfs-original,普通,牛妈,T-pose残留,死鱼眼,原厂贴图,无,假胡子,牛群集会,涨停标签,云雀缺席,片源直出
584,牛来 #0584,ipfs-original,普通,牛来,T-pose残留,死鱼眼,贴图丢失,无,锦旗,牛马工位,无,云雀缺席,片源直出
585,牛来 #0585,ipfs-original,普通,牛来,直立呆站,少了一只眼,原厂贴图,股民西装马甲,一把韭菜,牛角古树,涨停标签,云雀缺席,片源直出
586,牛来 #0586,ipfs-original,普通,云雀,T-pose残留,豆眼,原厂贴图,无,保龄球果子,大平地,票房计数器,云雀缺席,片源直出
587,牛来 #0587,ipfs-original,普通,路人牛,直立呆站,豆眼,原厂贴图,校服外套,电影票根,贴图树林,无,云雀缺席,片源直出
588,牛来 #0588,okx-reconstructed,普通,路人牛,直立呆站,死鱼眼,UV接缝可见,无,一把韭菜,荒漠夜,无,云雀缺席,影院翻拍
589,牛来 #0589,ipfs-original,普通,牛来,单手举起,豆眼,贴图丢失,股民西装马甲,麦克风,牛角古树,弹幕,云雀在场,影院翻拍
590,牛来 #0590,okx-reconstructed,普通,牛来,直立呆站,五星眼,原厂贴图,黄雨衣,牺牲光环,荒漠夜,无,云雀缺席,片源直出
591,牛来 #0591,ipfs-original,稀有,牛妈,单手举起,豆眼,原厂贴图,校服外套,无,涨停板,弹幕,云雀在场,影院翻拍
592,牛来 #0592,okx-reconstructed,普通,豹拉,直立呆站,豆眼,贴图丢失,牛来卫衣,奖杯,影厅,无,云雀在场,影院翻拍
593,牛来 #0593,ipfs-original,普通,牛来,T-pose残留,豆眼,原厂贴图,勇士铠甲,无,大平地,弹幕,云雀缺席,片源直出
594,牛来 #0594,ipfs-original,普通,灵蛇,直立呆站,豆眼,UV接缝可见,股民西装马甲,3D眼镜,云上梦境,穿模标注,云雀缺席,片源直出
595,牛来 #0595,ipfs-original,普通,牛来,直立呆站,豆眼,UV接缝可见,皮草大衣,五星胸牌,影厅,票房计数器,云雀缺席,影院翻拍
596,牛来 #0596,ipfs-original,普通,豹拉,直立呆站,豆眼,原厂贴图,白大褂,无,牛角古树,无,云雀缺席,片源直出
597,牛来 #0597,ipfs-original,普通,灵蛇,直立呆站,死鱼眼,原厂贴图,白大褂,无,涨停板,无,云雀缺席,影院翻拍
598,牛来 #0598,ipfs-original,稀有,牛来,直立呆站,斗鸡眼,UV接缝可见,红披风,无,牛角古树,加场印章,云雀在场,影院翻拍
599,牛来 #0599,ipfs-original,普通,灵蛇,直立呆站,少了一只眼,原厂贴图,红披风,无,大平地,票房计数器,云雀缺席,影院翻拍
600,牛来 #0600,ipfs-original,普通,豹拉,单手举起,死鱼眼,UV接缝可见,无,爆米花桶,水墨河谷,无,云雀缺席,影院翻拍
601,牛来 #0601,ipfs-original,稀有,牛来,直立呆站,五星眼,UV接缝可见,黑皮夹克,五星胸牌,牛角古树,弹幕,云雀在场,片源直出
602,牛来 #0602,ipfs-original,普通,牛来,直立呆站,死鱼眼,贴图丢失,红披风,无,牛角古树,弹幕,云雀缺席,影院翻拍
603,牛来 #0603,ipfs-original,普通,狼狗,T-pose残留,死鱼眼,贴图丢失,7号球衣,保龄球果子,大平地,无,云雀在场,片源直出
604,牛来 #0604,ipfs-original,普通,路人牛,直立呆站,死鱼眼,原厂贴图,黑皮夹克,耳机,大平地,弹幕,云雀在场,片源直出
605,牛来 #0605,ipfs-original,普通,豹拉,T-pose残留,五星眼,原厂贴图,股民西装马甲,假胡子,影院门口,无,云雀在场,影院翻拍
606,牛来 #0606,ipfs-original,稀有,牛妈,单手举起,豆眼,原厂贴图,勇士铠甲,股民墨镜,深渊,弹幕,云雀在场,片源直出
607,牛来 #0607,okx-reconstructed,稀有,狼狗,单手举起,五星眼,原厂贴图,无,无,涨停板,加场印章,云雀在场,影院翻拍
608,牛来 #0608,ipfs-original,普通,豹拉,T-pose残留,豆眼,原厂贴图,红披风,口罩,深渊,无,云雀缺席,影院翻拍
609,牛来 #0609,ipfs-original,普通,豹拉,直立呆站,死鱼眼,贴图丢失,无,金元宝,荒漠,无,云雀缺席,影院翻拍
610,牛来 #0610,ipfs-original,普通,灵蛇,T-pose残留,少了一只眼,UV接缝可见,无,保龄球果子,贴图树林,弹幕,云雀在场,影院翻拍
611,牛来 #0611,ipfs-original,普通,灵蛇,T-pose残留,少了一只眼,原厂贴图,牛来卫衣,一把韭菜,大平地,票房计数器,云雀在场,影院翻拍
612,牛来 #0612,ipfs-original,普通,路人牛,T-pose残留,死鱼眼,原厂贴图,无,电影票根,影厅,无,云雀在场,片源直出
613,牛来 #0613,okx-reconstructed,稀有,豹拉,单手举起,豆眼,原厂贴图,校服外套,奖杯,牛马工位,弹幕,云雀在场,片源直出
614,牛来 #0614,ipfs-original,普通,豹拉,直立呆站,五星眼,原厂贴图,无,一把韭菜,悬崖推土车,涨停标签,云雀缺席,影院翻拍
615,牛来 #0615,ipfs-original,普通,狼狗,单手举起,豆眼,贴图丢失,红唐装,电影票根,荒漠,弹幕,云雀在场,片源直出
616,牛来 #0616,ipfs-original,普通,牛来,直立呆站,斗鸡眼,UV接缝可见,黄雨衣,锦旗,悬崖推土车,加场印章,云雀缺席,影院翻拍
617,牛来 #0617,ipfs-original,普通,豹拉,T-pose残留,豆眼,原厂贴图,无,电影票根,梦境,涨停标签,云雀缺席,影院翻拍
618,牛来 #0618,ipfs-original,普通,豹拉,T-pose残留,死鱼眼,原厂贴图,7号球衣,无,影院门口,穿模标注,云雀缺席,影院翻拍
619,牛来 #0619,ipfs-original,史诗,灵蛇,单手举起,豆眼,原厂贴图,无,电影票根,梦境,穿模标注,云雀缺席,影院翻拍
620,牛来 #0620,ipfs-original,普通,豹拉,直立呆站,豆眼,原厂贴图,无,无,荒漠,票房计数器,云雀缺席,片源直出
621,牛来 #0621,ipfs-original,稀有,路人牛,T-pose残留,斗鸡眼,原厂贴图,红领巾,无,悬崖推土车,加场印章,云雀在场,影院翻拍
622,牛来 #0622,ipfs-original,普通,路人牛,T-pose残留,斗鸡眼,原厂贴图,无,篮球,牛角古树,无,云雀在场,片源直出
623,牛来 #0623,ipfs-original,普通,路人牛,直立呆站,豆眼,原厂贴图,无,电影票根,牛角古树,加场印章,云雀缺席,影院翻拍
624,牛来 #0624,ipfs-original,史诗,路人牛,T-pose残留,死鱼眼,原厂贴图,校服外套,电影票根,梦境,票房计数器,云雀在场,片源直出
625,牛来 #0625,ipfs-original,普通,牛来,直立呆站,死鱼眼,原厂贴图,黑皮夹克,五星胸牌,影厅,无,云雀缺席,影院翻拍
626,牛来 #0626,ipfs-original,稀有,牛来,T-pose残留,豆眼,UV接缝可见,无,电影票根,深渊,弹幕,云雀在场,片源直出
627,牛来 #0627,ipfs-original,史诗,云雀,T-pose残留,死鱼眼,原厂贴图,红披风,电影票根,影厅,无,云雀缺席,影院翻拍
628,牛来 #0628,ipfs-original,普通,牛妈,单手举起,豆眼,贴图丢失,无,牛奶瓶,牛马工位,无,云雀缺席,影院翻拍
629,牛来 #0629,ipfs-original,普通,牛妈,直立呆站,豆眼,原厂贴图,股民西装马甲,假胡子,云上梦境,无,云雀在场,片源直出
630,牛来 #0630,ipfs-original,稀有,豹拉,T-pose残留,斗鸡眼,原厂贴图,无,一把韭菜,荒漠,弹幕,云雀在场,影院翻拍
631,牛来 #0631,ipfs-original,稀有,牛来,T-pose残留,豆眼,原厂贴图,勇士铠甲,方向盘,水墨河谷,加场印章,云雀在场,影院翻拍
632,牛来 #0632,ipfs-original,普通,牛妈,直立呆站,豆眼,UV接缝可见,无,方向盘,云上梦境,票房计数器,云雀在场,片源直出
633,牛来 #0633,ipfs-original,普通,云雀,T-pose残留,豆眼,原厂贴图,无,爆米花桶,涨停板,无,云雀缺席,片源直出
634,牛来 #0634,ipfs-original,普通,狼狗,直立呆站,豆眼,原厂贴图,红唐装,无,大平地,无,云雀在场,影院翻拍
635,牛来 #0635,ipfs-original,普通,灵蛇,直立呆站,少了一只眼,原厂贴图,无,一把韭菜,大平地,加场印章,云雀缺席,片源直出
636,牛来 #0636,ipfs-original,普通,牛妈,直立呆站,豆眼,原厂贴图,无,奖杯,贴图树林,票房计数器,云雀缺席,影院翻拍
637,牛来 #0637,ipfs-original,稀有,豹拉,直立呆站,豆眼,原厂贴图,黑皮夹克,牛奶瓶,贴图树林,弹幕,云雀在场,影院翻拍
638,牛来 #0638,ipfs-original,普通,路人牛,T-pose残留,豆眼,原厂贴图,股民西装马甲,方向盘,牛群集会,加场印章,云雀在场,影院翻拍
639,牛来 #0639,ipfs-original,普通,路人牛,T-pose残留,五星眼,贴图丢失,黄雨衣,保龄球果子,影院门口,无,云雀在场,影院翻拍
640,牛来 #0640,ipfs-original,普通,牛来,直立呆站,死鱼眼,原厂贴图,7号球衣,场记板,梦境,弹幕,云雀缺席,影院翻拍
641,牛来 #0641,ipfs-original,普通,牛来,T-pose残留,豆眼,原厂贴图,牛马工牌衬衫,口罩,大平地,无,云雀缺席,片源直出
642,牛来 #0642,ipfs-original,普通,灵蛇,直立呆站,豆眼,UV接缝可见,无,场记板,影厅,涨停标签,云雀缺席,片源直出
643,牛来 #0643,ipfs-original,稀有,牛来,直立呆站,五星眼,原厂贴图,皮草大衣,五星胸牌,荒漠,加场印章,云雀在场,片源直出
644,牛来 #0644,ipfs-original,普通,牛妈,T-pose残留,死鱼眼,贴图丢失,牛来卫衣,无,大平地,弹幕,云雀缺席,片源直出
645,牛来 #0645,ipfs-original,普通,牛妈,T-pose残留,斗鸡眼,UV接缝可见,股民西装马甲,股民墨镜,大平地,无,云雀缺席,影院翻拍
646,牛来 #0646,ipfs-original,普通,牛妈,直立呆站,五星眼,原厂贴图,红披风,牺牲光环,牛马工位,加场印章,云雀缺席,影院翻拍
647,牛来 #0647,ipfs-original,普通,路人牛,T-pose残留,斗鸡眼,原厂贴图,7号球衣,无,影厅,无,云雀在场,影院翻拍
648,牛来 #0648,ipfs-original,普通,牛来,T-pose残留,死鱼眼,原厂贴图,牛来卫衣,牛奶瓶,牛马工位,弹幕,云雀缺席,影院翻拍
649,牛来 #0649,ipfs-original,普通,狼狗,T-pose残留,豆眼,原厂贴图,红领巾,保龄球果子,水墨河谷,无,云雀缺席,片源直出
650,牛来 #0650,ipfs-original,普通,豹拉,直立呆站,少了一只眼,原厂贴图,红领巾,奖杯,悬崖推土车,无,云雀在场,影院翻拍
651,牛来 #0651,ipfs-original,普通,路人牛,单手举起,豆眼,原厂贴图,红披风,方向盘,跌停板,弹幕,云雀缺席,影院翻拍
652,牛来 #0652,ipfs-original,普通,牛妈,单手举起,豆眼,贴图丢失,无,无,云上梦境,弹幕,云雀缺席,片源直出
653,牛来 #0653,ipfs-original,普通,狼狗,单手举起,死鱼眼,原厂贴图,股民西装马甲,电影票根,荒漠,穿模标注,云雀缺席,片源直出
654,牛来 #0654,ipfs-original,普通,牛来,单手举起,死鱼眼,原厂贴图,红唐装,麦克风,牛角古树,弹幕,云雀缺席,片源直出
655,牛来 #0655,ipfs-original,普通,路人牛,直立呆站,豆眼,原厂贴图,红披风,方向盘,影院门口,弹幕,云雀在场,片源直出
656,牛来 #0656,ipfs-original,普通,豹拉,T-pose残留,死鱼眼,原厂贴图,无,安全帽,荒漠,无,云雀在场,片源直出
657,牛来 #0657,ipfs-original,普通,灵蛇,单手举起,豆眼,UV接缝可见,无,耳机,大平地,无,云雀缺席,影院翻拍
658,牛来 #0658,ipfs-original,普通,狼狗,单手举起,豆眼,原厂贴图,黄雨衣,一把韭菜,悬崖推土车,加场印章,云雀在场,片源直出
659,牛来 #0659,ipfs-original,普通,牛来,直立呆站,豆眼,UV接缝可见,无,方向盘,跌停板,无,云雀缺席,影院翻拍
660,牛来 #0660,ipfs-original,普通,狼狗,T-pose残留,少了一只眼,原厂贴图,皮草大衣,3D眼镜,山洞里,涨停标签,云雀缺席,片源直出
661,牛来 #0661,ipfs-original,普通,牛来,直立呆站,少了一只眼,原厂贴图,无,无,悬崖推土车,无,云雀在场,影院翻拍
662,牛来 #0662,ipfs-original,普通,路人牛,单手举起,豆眼,UV接缝可见,无,爆米花桶,荒漠夜,票房计数器,云雀在场,片源直出
663,牛来 #0663,ipfs-original,普通,牛妈,T-pose残留,斗鸡眼,UV接缝可见,红唐装,一把韭菜,荒漠,涨停标签,云雀在场,影院翻拍
664,牛来 #0664,ipfs-original,普通,狼狗,T-pose残留,豆眼,原厂贴图,白大褂,无,牛群集会,无,云雀在场,片源直出
665,牛来 #0665,ipfs-original,普通,豹拉,单手举起,豆眼,原厂贴图,无,电影票根,牛马工位,无,云雀缺席,影院翻拍
666,牛来 #0666,ipfs-original,普通,路人牛,T-pose残留,少了一只眼,原厂贴图,无,场记板,深渊,穿模标注,云雀缺席,片源直出
667,牛来 #0667,ipfs-original,普通,牛妈,单手举起,死鱼眼,UV接缝可见,黑皮夹克,牺牲光环,大平地,票房计数器,云雀缺席,影院翻拍
668,牛来 #0668,ipfs-original,普通,豹拉,直立呆站,豆眼,UV接缝可见,股民西装马甲,股民墨镜,悬崖推土车,穿模标注,云雀缺席,影院翻拍
669,牛来 #0669,ipfs-original,普通,牛妈,T-pose残留,少了一只眼,UV接缝可见,牛来卫衣,牺牲光环,涨停板,无,云雀缺席,片源直出
670,牛来 #0670,ipfs-original,普通,路人牛,T-pose残留,少了一只眼,UV接缝可见,无,无,大平地,无,云雀缺席,影院翻拍
671,牛来 #0671,ipfs-original,普通,豹拉,单手举起,豆眼,原厂贴图,无,电影票根,大平地,无,云雀缺席,影院翻拍
672,牛来 #0672,ipfs-original,普通,牛来,T-pose残留,豆眼,原厂贴图,无,无,山洞里,穿模标注,云雀缺席,影院翻拍
673,牛来 #0673,ipfs-original,普通,牛来,T-pose残留,豆眼,UV接缝可见,牛来卫衣,一把韭菜,影厅,无,云雀在场,影院翻拍
674,牛来 #0674,ipfs-original,普通,牛来,单手举起,斗鸡眼,原厂贴图,无,五星胸牌,荒漠夜,无,云雀缺席,影院翻拍
675,牛来 #0675,ipfs-original,普通,路人牛,直立呆站,豆眼,UV接缝可见,牛马工牌衬衫,折扇,涨停板,穿模标注,云雀在场,片源直出
676,牛来 #0676,ipfs-original,普通,牛来,直立呆站,少了一只眼,UV接缝可见,股民西装马甲,五星胸牌,跌停板,无,云雀在场,片源直出
677,牛来 #0677,ipfs-original,普通,路人牛,T-pose残留,豆眼,UV接缝可见,红领巾,电影票根,悬崖推土车,无,云雀缺席,片源直出
678,牛来 #0678,ipfs-original,稀有,牛妈,T-pose残留,死鱼眼,UV接缝可见,7号球衣,牛奶瓶,牛马工位,加场印章,云雀在场,片源直出
679,牛来 #0679,ipfs-original,普通,豹拉,直立呆站,少了一只眼,原厂贴图,无,爆米花桶,涨停板,无,云雀缺席,影院翻拍
680,牛来 #0680,ipfs-original,普通,牛来,直立呆站,豆眼,原厂贴图,白大褂,爆米花桶,牛角古树,无,云雀缺席,影院翻拍
681,牛来 #0681,ipfs-original,普通,牛来,T-pose残留,死鱼眼,贴图丢失,勇士铠甲,股民墨镜,梦境,无,云雀缺席,片源直出
682,牛来 #0682,ipfs-original,普通,牛妈,直立呆站,斗鸡眼,贴图丢失,红领巾,无,大平地,弹幕,云雀缺席,影院翻拍
683,牛来 #0683,ipfs-original,普通,牛来,T-pose残留,豆眼,UV接缝可见,无,奖杯,水墨河谷,弹幕,云雀缺席,影院翻拍
684,牛来 #0684,ipfs-original,普通,狼狗,直立呆站,豆眼,原厂贴图,无,篮球,水墨河谷,无,云雀缺席,影院翻拍
685,牛来 #0685,ipfs-original,稀有,云雀,T-pose残留,豆眼,UV接缝可见,7号球衣,方向盘,牛马工位,弹幕,云雀缺席,片源直出
686,牛来 #0686,ipfs-original,普通,牛妈,T-pose残留,豆眼,原厂贴图,红披风,无,影厅,无,云雀在场,影院翻拍
687,牛来 #0687,ipfs-original,普通,豹拉,直立呆站,豆眼,原厂贴图,黑皮夹克,方向盘,影厅,无,云雀缺席,片源直出
688,牛来 #0688,ipfs-original,普通,豹拉,直立呆站,豆眼,原厂贴图,皮草大衣,一把韭菜,大平地,弹幕,云雀在场,影院翻拍
689,牛来 #0689,ipfs-original,普通,豹拉,直立呆站,死鱼眼,原厂贴图,无,无,牛角古树,弹幕,云雀缺席,影院翻拍
690,牛来 #0690,ipfs-original,普通,路人牛,直立呆站,豆眼,原厂贴图,无,场记板,大平地,无,云雀缺席,影院翻拍
691,牛来 #0691,ipfs-original,普通,牛来,T-pose残留,斗鸡眼,原厂贴图,红披风,方向盘,牛角古树,无,云雀缺席,片源直出
692,牛来 #0692,ipfs-original,普通,牛来,直立呆站,少了一只眼,原厂贴图,无,方向盘,大平地,无,云雀缺席,片源直出
693,牛来 #0693,okx-reconstructed,稀有,狼狗,T-pose残留,死鱼眼,原厂贴图,红披风,无,水墨河谷,加场印章,云雀在场,影院翻拍
694,牛来 #0694,ipfs-original,普通,牛来,T-pose残留,豆眼,原厂贴图,黄雨衣,耳机,影厅,穿模标注,云雀缺席,影院翻拍
695,牛来 #0695,ipfs-original,稀有,路人牛,直立呆站,豆眼,原厂贴图,红领巾,一把韭菜,涨停板,弹幕,云雀在场,影院翻拍
696,牛来 #0696,ipfs-original,普通,灵蛇,直立呆站,豆眼,贴图丢失,黑皮夹克,K线小旗,牛马工位,无,云雀在场,片源直出
697,牛来 #0697,okx-reconstructed,普通,牛来,T-pose残留,少了一只眼,原厂贴图,无,保龄球果子,贴图树林,弹幕,云雀在场,片源直出
698,牛来 #0698,ipfs-original,普通,路人牛,直立呆站,斗鸡眼,贴图丢失,红披风,K线小旗,涨停板,无,云雀缺席,影院翻拍
699,牛来 #0699,ipfs-original,普通,牛来,直立呆站,死鱼眼,原厂贴图,无,电影票根,影厅,无,云雀在场,影院翻拍
700,牛来 #0700,okx-reconstructed,普通,牛来,单手举起,死鱼眼,UV接缝可见,牛马工牌衬衫,金元宝,牛马工位,弹幕,云雀在场,片源直出
701,牛来 #0701,ipfs-original,普通,灵蛇,T-pose残留,豆眼,原厂贴图,无,耳机,水墨河谷,无,云雀在场,片源直出
702,牛来 #0702,ipfs-original,普通,豹拉,直立呆站,斗鸡眼,UV接缝可见,勇士铠甲,无,梦境,弹幕,云雀缺席,影院翻拍
703,牛来 #0703,ipfs-original,普通,牛妈,T-pose残留,豆眼,原厂贴图,红披风,麦克风,跌停板,穿模标注,云雀缺席,影院翻拍
704,牛来 #0704,ipfs-original,普通,狼狗,T-pose残留,少了一只眼,原厂贴图,无,奖杯,贴图树林,无,云雀缺席,影院翻拍
705,牛来 #0705,ipfs-original,普通,云雀,单手举起,死鱼眼,原厂贴图,无,假胡子,山洞里,无,云雀缺席,影院翻拍
706,牛来 #0706,ipfs-original,普通,路人牛,直立呆站,少了一只眼,原厂贴图,7号球衣,爆米花桶,水墨河谷,无,云雀缺席,影院翻拍
707,牛来 #0707,ipfs-original,普通,牛来,T-pose残留,死鱼眼,贴图丢失,红唐装,无,影厅,弹幕,云雀在场,片源直出
708,牛来 #0708,ipfs-original,普通,路人牛,直立呆站,豆眼,UV接缝可见,黑皮夹克,假胡子,牛群集会,无,云雀缺席,影院翻拍
709,牛来 #0709,okx-reconstructed,普通,云雀,T-pose残留,死鱼眼,原厂贴图,无,场记板,影院门口,加场印章,云雀缺席,影院翻拍
710,牛来 #0710,ipfs-original,普通,路人牛,T-pose残留,死鱼眼,原厂贴图,7号球衣,篮球,涨停板,无,云雀在场,片源直出
711,牛来 #0711,ipfs-original,普通,牛来,T-pose残留,死鱼眼,原厂贴图,无,方向盘,贴图树林,无,云雀在场,影院翻拍
712,牛来 #0712,ipfs-original,普通,牛来,直立呆站,斗鸡眼,贴图丢失,无,耳机,影厅,弹幕,云雀缺席,影院翻拍
713,牛来 #0713,ipfs-original,普通,云雀,直立呆站,豆眼,UV接缝可见,黄雨衣,假胡子,荒漠,无,云雀缺席,影院翻拍
714,牛来 #0714,okx-reconstructed,普通,牛来,直立呆站,豆眼,原厂贴图,红领巾,无,牛群集会,无,云雀缺席,影院翻拍
715,牛来 #0715,okx-reconstructed,普通,牛来,直立呆站,斗鸡眼,原厂贴图,红唐装,方向盘,山洞里,无,云雀在场,片源直出
716,牛来 #0716,ipfs-original,普通,牛来,直立呆站,五星眼,原厂贴图,无,K线小旗,大平地,票房计数器,云雀缺席,影院翻拍
717,牛来 #0717,ipfs-original,普通,牛来,T-pose残留,死鱼眼,原厂贴图,皮草大衣,无,影厅,弹幕,云雀在场,影院翻拍
718,牛来 #0718,ipfs-original,稀有,豹拉,直立呆站,斗鸡眼,原厂贴图,无,折扇,大平地,弹幕,云雀在场,片源直出
719,牛来 #0719,ipfs-original,普通,路人牛,单手举起,豆眼,贴图丢失,红领巾,无,梦境,无,云雀缺席,片源直出
720,牛来 #0720,ipfs-original,普通,灵蛇,T-pose残留,豆眼,原厂贴图,牛来卫衣,无,山洞里,无,云雀在场,影院翻拍
721,牛来 #0721,ipfs-original,普通,牛来,T-pose残留,豆眼,贴图丢失,无,一把韭菜,悬崖推土车,无,云雀缺席,片源直出
722,牛来 #0722,ipfs-original,普通,路人牛,直立呆站,死鱼眼,牛市金身,黄雨衣,爆米花桶,跌停板,票房计数器,云雀在场,影院翻拍
723,牛来 #0723,ipfs-original,普通,牛来,直立呆站,少了一只眼,原厂贴图,无,方向盘,牛群集会,穿模标注,云雀在场,影院翻拍
724,牛来 #0724,ipfs-original,普通,牛来,直立呆站,豆眼,UV接缝可见,牛马工牌衬衫,保龄球果子,跌停板,无,云雀缺席,影院翻拍
725,牛来 #0725,ipfs-original,普通,狼狗,单手举起,死鱼眼,贴图丢失,红领巾,K线小旗,影厅,票房计数器,云雀在场,片源直出
726,牛来 #0726,ipfs-original,普通,豹拉,T-pose残留,死鱼眼,原厂贴图,无,金元宝,涨停板,穿模标注,云雀缺席,影院翻拍
727,牛来 #0727,ipfs-original,普通,牛妈,单手举起,豆眼,原厂贴图,无,无,牛马工位,穿模标注,云雀在场,影院翻拍
728,牛来 #0728,ipfs-original,稀有,牛妈,直立呆站,豆眼,原厂贴图,校服外套,无,大平地,弹幕,云雀在场,影院翻拍
729,牛来 #0729,ipfs-original,普通,豹拉,T-pose残留,豆眼,原厂贴图,无,安全帽,牛角古树,无,云雀缺席,片源直出
730,牛来 #0730,ipfs-original,稀有,灵蛇,单手举起,斗鸡眼,原厂贴图,黄雨衣,电影票根,荒漠,弹幕,云雀在场,影院翻拍
731,牛来 #0731,ipfs-original,普通,牛妈,直立呆站,斗鸡眼,原厂贴图,无,五星胸牌,梦境,穿模标注,云雀缺席,影院翻拍
732,牛来 #0732,ipfs-original,普通,狼狗,单手举起,五星眼,原厂贴图,白大褂,奖杯,深渊,无,云雀在场,片源直出
733,牛来 #0733,ipfs-original,普通,路人牛,单手举起,豆眼,UV接缝可见,红唐装,保龄球果子,大平地,穿模标注,云雀缺席,影院翻拍
734,牛来 #0734,ipfs-original,普通,牛来,直立呆站,五星眼,原厂贴图,黄雨衣,电影票根,水墨河谷,涨停标签,云雀在场,影院翻拍
735,牛来 #0735,ipfs-original,普通,牛妈,单手举起,五星眼,原厂贴图,无,牺牲光环,牛马工位,无,云雀在场,片源直出
736,牛来 #0736,ipfs-original,普通,灵蛇,直立呆站,五星眼,UV接缝可见,无,电影票根,大平地,票房计数器,云雀缺席,片源直出
737,牛来 #0737,ipfs-original,普通,牛来,T-pose残留,豆眼,原厂贴图,红领巾,无,贴图树林,无,云雀在场,影院翻拍
738,牛来 #0738,ipfs-original,普通,云雀,T-pose残留,死鱼眼,原厂贴图,无,锦旗,云上梦境,穿模标注,云雀缺席,片源直出
739,牛来 #0739,ipfs-original,普通,豹拉,单手举起,豆眼,原厂贴图,黑皮夹克,牛奶瓶,梦境,无,云雀在场,片源直出
740,牛来 #0740,ipfs-original,普通,云雀,直立呆站,死鱼眼,原厂贴图,无,K线小旗,跌停板,涨停标签,云雀缺席,影院翻拍
741,牛来 #0741,ipfs-original,普通,牛来,直立呆站,死鱼眼,UV接缝可见,红唐装,折扇,影厅,票房计数器,云雀在场,片源直出
742,牛来 #0742,ipfs-original,普通,牛来,直立呆站,死鱼眼,原厂贴图,勇士铠甲,场记板,影院门口,无,云雀在场,片源直出
743,牛来 #0743,ipfs-original,普通,路人牛,T-pose残留,五星眼,贴图丢失,牛来卫衣,金元宝,大平地,弹幕,云雀在场,影院翻拍
744,牛来 #0744,ipfs-original,普通,牛来,T-pose残留,斗鸡眼,原厂贴图,红披风,方向盘,影院门口,无,云雀在场,影院翻拍
745,牛来 #0745,okx-reconstructed,普通,狼狗,直立呆站,斗鸡眼,原厂贴图,无,无,大平地,无,云雀缺席,影院翻拍
746,牛来 #0746,ipfs-original,普通,路人牛,单手举起,豆眼,UV接缝可见,白大褂,折扇,大平地,无,云雀缺席,影院翻拍
747,牛来 #0747,ipfs-original,普通,豹拉,T-pose残留,死鱼眼,UV接缝可见,股民西装马甲,股民墨镜,梦境,无,云雀缺席,片源直出
748,牛来 #0748,ipfs-original,普通,牛来,直立呆站,斗鸡眼,贴图丢失,黑皮夹克,篮球,梦境,无,云雀缺席,片源直出
749,牛来 #0749,ipfs-original,普通,路人牛,直立呆站,死鱼眼,贴图丢失,无,爆米花桶,大平地,涨停标签,云雀缺席,片源直出
750,牛来 #0750,ipfs-original,普通,狼狗,T-pose残留,豆眼,原厂贴图,无,无,牛角古树,涨停标签,云雀缺席,影院翻拍
751,牛来 #0751,ipfs-original,稀有,路人牛,直立呆站,死鱼眼,原厂贴图,红披风,方向盘,水墨河谷,加场印章,云雀在场,影院翻拍
752,牛来 #0752,ipfs-original,普通,路人牛,直立呆站,斗鸡眼,UV接缝可见,无,奖杯,跌停板,涨停标签,云雀缺席,影院翻拍
753,牛来 #0753,ipfs-original,普通,豹拉,直立呆站,斗鸡眼,原厂贴图,无,保龄球果子,荒漠夜,涨停标签,云雀在场,影院翻拍
754,牛来 #0754,ipfs-original,普通,灵蛇,直立呆站,斗鸡眼,UV接缝可见,红领巾,锦旗,悬崖推土车,无,云雀缺席,片源直出
755,牛来 #0755,ipfs-original,史诗,豹拉,直立呆站,豆眼,原厂贴图,红披风,电影票根,梦境,票房计数器,云雀在场,影院翻拍
756,牛来 #0756,ipfs-original,史诗,云雀,直立呆站,斗鸡眼,贴图丢失,7号球衣,电影票根,梦境,无,云雀缺席,片源直出
757,牛来 #0757,ipfs-original,普通,牛妈,直立呆站,豆眼,贴图丢失,无,无,水墨河谷,加场印章,云雀在场,片源直出
758,牛来 #0758,ipfs-original,普通,灵蛇,单手举起,豆眼,UV接缝可见,牛马工牌衬衫,无,云上梦境,涨停标签,云雀在场,片源直出
759,牛来 #0759,ipfs-original,普通,路人牛,单手举起,五星眼,UV接缝可见,无,电影票根,大平地,无,云雀在场,片源直出
760,牛来 #0760,ipfs-original,普通,云雀,直立呆站,死鱼眼,原厂贴图,无,保龄球果子,影厅,弹幕,云雀缺席,片源直出
761,牛来 #0761,ipfs-original,普通,路人牛,T-pose残留,豆眼,UV接缝可见,无,3D眼镜,悬崖推土车,涨停标签,云雀缺席,片源直出
762,牛来 #0762,ipfs-original,普通,狼狗,直立呆站,豆眼,UV接缝可见,无,爆米花桶,梦境,无,云雀缺席,片源直出
763,牛来 #0763,ipfs-original,稀有,路人牛,直立呆站,死鱼眼,贴图丢失,7号球衣,K线小旗,涨停板,弹幕,云雀在场,片源直出
764,牛来 #0764,ipfs-original,普通,牛来,直立呆站,死鱼眼,原厂贴图,黄雨衣,无,影厅,票房计数器,云雀在场,影院翻拍
765,牛来 #0765,ipfs-original,普通,灵蛇,直立呆站,豆眼,UV接缝可见,无,一把韭菜,悬崖推土车,无,云雀缺席,影院翻拍
766,牛来 #0766,ipfs-original,普通,云雀,单手举起,五星眼,原厂贴图,无,无,梦境,穿模标注,云雀缺席,影院翻拍
767,牛来 #0767,ipfs-original,普通,路人牛,T-pose残留,死鱼眼,原厂贴图,红披风,无,大平地,无,云雀缺席,影院翻拍
768,牛来 #0768,ipfs-original,普通,牛来,单手举起,豆眼,原厂贴图,黄雨衣,口罩,梦境,无,云雀在场,影院翻拍
769,牛来 #0769,ipfs-original,普通,路人牛,直立呆站,斗鸡眼,贴图丢失,无,无,跌停板,弹幕,云雀缺席,片源直出
770,牛来 #0770,ipfs-original,稀有,路人牛,T-pose残留,豆眼,贴图丢失,黑皮夹克,K线小旗,大平地,弹幕,云雀在场,影院翻拍
771,牛来 #0771,ipfs-original,普通,牛来,直立呆站,斗鸡眼,UV接缝可见,牛马工牌衬衫,口罩,悬崖推土车,无,云雀缺席,片源直出
772,牛来 #0772,ipfs-original,普通,灵蛇,T-pose残留,斗鸡眼,贴图丢失,黄雨衣,麦克风,影厅,无,云雀在场,影院翻拍
773,牛来 #0773,ipfs-original,普通,牛来,直立呆站,斗鸡眼,原厂贴图,红领巾,牛奶瓶,水墨河谷,票房计数器,云雀缺席,影院翻拍
774,牛来 #0774,ipfs-original,普通,路人牛,单手举起,斗鸡眼,原厂贴图,股民西装马甲,锦旗,山洞里,穿模标注,云雀在场,影院翻拍
775,牛来 #0775,ipfs-original,普通,豹拉,单手举起,少了一只眼,原厂贴图,红披风,K线小旗,牛角古树,穿模标注,云雀缺席,影院翻拍
776,牛来 #0776,ipfs-original,普通,灵蛇,T-pose残留,死鱼眼,UV接缝可见,牛马工牌衬衫,爆米花桶,荒漠夜,弹幕,云雀在场,影院翻拍
777,牛来 #0777,ipfs-original,普通,豹拉,T-pose残留,豆眼,原厂贴图,无,无,荒漠夜,涨停标签,云雀缺席,影院翻拍
778,牛来 #0778,ipfs-original,普通,路人牛,直立呆站,豆眼,原厂贴图,无,方向盘,悬崖推土车,票房计数器,云雀缺席,影院翻拍
779,牛来 #0779,ipfs-original,普通,豹拉,单手举起,五星眼,原厂贴图,无,耳机,涨停板,涨停标签,云雀缺席,影院翻拍
780,牛来 #0780,ipfs-original,普通,狼狗,T-pose残留,豆眼,原厂贴图,无,一把韭菜,大平地,弹幕,云雀缺席,片源直出
781,牛来 #0781,ipfs-original,普通,牛来,直立呆站,五星眼,原厂贴图,黑皮夹克,K线小旗,梦境,无,云雀在场,片源直出
782,牛来 #0782,ipfs-original,普通,路人牛,直立呆站,豆眼,贴图丢失,勇士铠甲,金元宝,牛群集会,无,云雀缺席,片源直出
783,牛来 #0783,ipfs-original,普通,牛妈,直立呆站,斗鸡眼,UV接缝可见,黑皮夹克,场记板,影院门口,弹幕,云雀缺席,影院翻拍
784,牛来 #0784,ipfs-original,普通,路人牛,T-pose残留,五星眼,原厂贴图,皮草大衣,牛奶瓶,大平地,穿模标注,云雀在场,影院翻拍
785,牛来 #0785,ipfs-original,普通,牛来,直立呆站,少了一只眼,UV接缝可见,牛马工牌衬衫,无,大平地,无,云雀缺席,片源直出
786,牛来 #0786,ipfs-original,普通,牛来,T-pose残留,死鱼眼,原厂贴图,黑皮夹克,五星胸牌,水墨河谷,加场印章,云雀在场,片源直出
787,牛来 #0787,ipfs-original,普通,云雀,直立呆站,五星眼,原厂贴图,无,场记板,涨停板,无,云雀缺席,影院翻拍
788,牛来 #0788,ipfs-original,普通,路人牛,T-pose残留,死鱼眼,原厂贴图,无,无,大平地,弹幕,云雀在场,影院翻拍
789,牛来 #0789,ipfs-original,普通,牛妈,T-pose残留,豆眼,原厂贴图,无,安全帽,荒漠夜,加场印章,云雀缺席,片源直出
790,牛来 #0790,ipfs-original,普通,牛来,直立呆站,斗鸡眼,原厂贴图,牛马工牌衬衫,锦旗,云上梦境,无,云雀在场,影院翻拍
791,牛来 #0791,ipfs-original,普通,灵蛇,单手举起,斗鸡眼,贴图丢失,无,假胡子,牛群集会,无,云雀在场,影院翻拍
792,牛来 #0792,ipfs-original,普通,路人牛,T-pose残留,豆眼,原厂贴图,无,爆米花桶,山洞里,无,云雀在场,影院翻拍
793,牛来 #0793,ipfs-original,普通,牛来,单手举起,斗鸡眼,贴图丢失,红领巾,无,水墨河谷,弹幕,云雀在场,片源直出
794,牛来 #0794,ipfs-original,普通,牛来,T-pose残留,豆眼,UV接缝可见,无,爆米花桶,山洞里,弹幕,云雀缺席,影院翻拍
795,牛来 #0795,ipfs-original,普通,豹拉,直立呆站,斗鸡眼,UV接缝可见,无,电影票根,跌停板,无,云雀在场,影院翻拍
796,牛来 #0796,ipfs-original,普通,路人牛,直立呆站,死鱼眼,原厂贴图,无,折扇,涨停板,穿模标注,云雀缺席,片源直出
797,牛来 #0797,ipfs-original,普通,牛妈,T-pose残留,豆眼,UV接缝可见,无,牺牲光环,牛角古树,票房计数器,云雀缺席,影院翻拍
798,牛来 #0798,ipfs-original,普通,牛来,直立呆站,豆眼,UV接缝可见,白大褂,口罩,荒漠,加场印章,云雀缺席,影院翻拍
799,牛来 #0799,ipfs-original,普通,路人牛,直立呆站,豆眼,原厂贴图,无,耳机,山洞里,弹幕,云雀缺席,影院翻拍
800,牛来 #0800,ipfs-original,普通,路人牛,直立呆站,豆眼,UV接缝可见,无,无,深渊,无,云雀在场,片源直出
801,牛来 #0801,ipfs-original,普通,牛来,直立呆站,豆眼,原厂贴图,黑皮夹克,股民墨镜,云上梦境,无,云雀缺席,影院翻拍
802,牛来 #0802,ipfs-original,普通,牛来,直立呆站,五星眼,原厂贴图,校服外套,无,涨停板,弹幕,云雀在场,片源直出
803,牛来 #0803,ipfs-original,普通,牛妈,T-pose残留,斗鸡眼,原厂贴图,校服外套,锦旗,涨停板,无,云雀缺席,影院翻拍
804,牛来 #0804,ipfs-original,普通,牛来,单手举起,斗鸡眼,原厂贴图,黄雨衣,牛奶瓶,牛角古树,无,云雀缺席,影院翻拍
805,牛来 #0805,ipfs-original,普通,牛妈,直立呆站,豆眼,UV接缝可见,牛来卫衣,牺牲光环,水墨河谷,无,云雀缺席,片源直出
806,牛来 #0806,ipfs-original,稀有,牛妈,直立呆站,五星眼,原厂贴图,股民西装马甲,麦克风,大平地,加场印章,云雀在场,片源直出
807,牛来 #0807,ipfs-original,普通,狼狗,T-pose残留,豆眼,原厂贴图,白大褂,电影票根,牛马工位,无,云雀在场,影院翻拍
808,牛来 #0808,ipfs-original,普通,豹拉,直立呆站,斗鸡眼,贴图丢失,红领巾,保龄球果子,跌停板,无,云雀缺席,影院翻拍
809,牛来 #0809,ipfs-original,普通,牛妈,T-pose残留,少了一只眼,原厂贴图,白大褂,保龄球果子,影厅,无,云雀缺席,影院翻拍
810,牛来 #0810,ipfs-original,普通,牛来,单手举起,死鱼眼,贴图丢失,无,锦旗,影院门口,无,云雀缺席,影院翻拍
811,牛来 #0811,ipfs-original,普通,牛妈,直立呆站,豆眼,原厂贴图,股民西装马甲,无,牛群集会,穿模标注,云雀缺席,影院翻拍
812,牛来 #0812,ipfs-original,普通,路人牛,T-pose残留,斗鸡眼,原厂贴图,白大褂,金元宝,水墨河谷,无,云雀缺席,片源直出
813,牛来 #0813,ipfs-original,普通,牛来,T-pose残留,豆眼,贴图丢失,无,3D眼镜,牛群集会,票房计数器,云雀在场,影院翻拍
814,牛来 #0814,ipfs-original,普通,牛来,直立呆站,死鱼眼,原厂贴图,黄雨衣,折扇,大平地,弹幕,云雀缺席,影院翻拍
815,牛来 #0815,ipfs-original,普通,牛妈,单手举起,少了一只眼,原厂贴图,股民西装马甲,3D眼镜,荒漠,穿模标注,云雀在场,片源直出
816,牛来 #0816,ipfs-original,普通,牛来,单手举起,豆眼,原厂贴图,无,口罩,水墨河谷,无,云雀缺席,片源直出
817,牛来 #0817,ipfs-original,普通,豹拉,直立呆站,豆眼,原厂贴图,红披风,牺牲光环,影院门口,无,云雀缺席,片源直出
818,牛来 #0818,ipfs-original,普通,牛妈,直立呆站,斗鸡眼,贴图丢失,无,口罩,跌停板,涨停标签,云雀缺席,片源直出
819,牛来 #0819,ipfs-original,普通,牛妈,T-pose残留,死鱼眼,原厂贴图,红披风,牺牲光环,牛群集会,无,云雀缺席,片源直出
820,牛来 #0820,ipfs-original,普通,灵蛇,单手举起,斗鸡眼,UV接缝可见,无,金元宝,涨停板,穿模标注,云雀在场,影院翻拍
821,牛来 #0821,ipfs-original,普通,牛妈,T-pose残留,豆眼,原厂贴图,无,牺牲光环,大平地,弹幕,云雀在场,片源直出
822,牛来 #0822,ipfs-original,普通,豹拉,直立呆站,死鱼眼,原厂贴图,黄雨衣,牛奶瓶,山洞里,票房计数器,云雀在场,片源直出
823,牛来 #0823,ipfs-original,普通,路人牛,直立呆站,死鱼眼,原厂贴图,牛马工牌衬衫,3D眼镜,大平地,穿模标注,云雀在场,片源直出
824,牛来 #0824,ipfs-original,普通,路人牛,直立呆站,斗鸡眼,原厂贴图,无,无,水墨河谷,票房计数器,云雀缺席,影院翻拍
825,牛来 #0825,ipfs-original,普通,牛妈,直立呆站,豆眼,UV接缝可见,牛马工牌衬衫,牺牲光环,影厅,无,云雀缺席,影院翻拍
826,牛来 #0826,ipfs-original,稀有,灵蛇,单手举起,豆眼,贴图丢失,白大褂,一把韭菜,山洞里,加场印章,云雀在场,片源直出
827,牛来 #0827,ipfs-original,史诗,云雀,直立呆站,死鱼眼,原厂贴图,7号球衣,电影票根,梦境,票房计数器,云雀缺席,影院翻拍
828,牛来 #0828,ipfs-original,普通,灵蛇,直立呆站,豆眼,原厂贴图,校服外套,方向盘,涨停板,弹幕,云雀缺席,影院翻拍
829,牛来 #0829,ipfs-original,普通,牛来,单手举起,斗鸡眼,牛市金身,牛马工牌衬衫,锦旗,牛群集会,穿模标注,云雀在场,片源直出
830,牛来 #0830,ipfs-original,普通,豹拉,单手举起,少了一只眼,原厂贴图,无,无,涨停板,弹幕,云雀在场,片源直出
831,牛来 #0831,ipfs-original,普通,灵蛇,直立呆站,死鱼眼,原厂贴图,红披风,电影票根,悬崖推土车,无,云雀在场,片源直出
832,牛来 #0832,ipfs-original,普通,路人牛,直立呆站,五星眼,原厂贴图,校服外套,耳机,荒漠,弹幕,云雀在场,影院翻拍
833,牛来 #0833,ipfs-original,普通,路人牛,直立呆站,死鱼眼,原厂贴图,红唐装,耳机,牛角古树,穿模标注,云雀缺席,影院翻拍
834,牛来 #0834,ipfs-original,普通,豹拉,直立呆站,豆眼,原厂贴图,无,口罩,牛群集会,票房计数器,云雀缺席,影院翻拍
835,牛来 #0835,ipfs-original,普通,豹拉,直立呆站,豆眼,原厂贴图,黄雨衣,无,悬崖推土车,弹幕,云雀缺席,影院翻拍
836,牛来 #0836,ipfs-original,普通,路人牛,单手举起,死鱼眼,UV接缝可见,红披风,篮球,荒漠,弹幕,云雀在场,影院翻拍
837,牛来 #0837,ipfs-original,稀有,牛来,直立呆站,豆眼,贴图丢失,无,五星胸牌,悬崖推土车,加场印章,云雀在场,片源直出
838,牛来 #0838,ipfs-original,普通,豹拉,直立呆站,死鱼眼,UV接缝可见,红披风,无,大平地,无,云雀缺席,片源直出
839,牛来 #0839,ipfs-original,普通,路人牛,T-pose残留,斗鸡眼,UV接缝可见,无,奖杯,牛马工位,无,云雀缺席,影院翻拍
840,牛来 #0840,ipfs-original,普通,路人牛,单手举起,豆眼,原厂贴图,无,方向盘,影厅,无,云雀在场,影院翻拍
841,牛来 #0841,ipfs-original,稀有,牛来,T-pose残留,豆眼,原厂贴图,红唐装,K线小旗,大平地,加场印章,云雀在场,影院翻拍
842,牛来 #0842,ipfs-original,普通,路人牛,T-pose残留,豆眼,原厂贴图,黑皮夹克,麦克风,牛马工位,穿模标注,云雀缺席,片源直出
843,牛来 #0843,ipfs-original,普通,牛来,直立呆站,死鱼眼,原厂贴图,7号球衣,牺牲光环,跌停板,加场印章,云雀在场,影院翻拍
844,牛来 #0844,ipfs-original,普通,云雀,直立呆站,豆眼,UV接缝可见,7号球衣,折扇,涨停板,无,云雀缺席,影院翻拍
845,牛来 #0845,ipfs-original,普通,牛来,直立呆站,豆眼,原厂贴图,无,方向盘,牛角古树,无,云雀缺席,片源直出
846,牛来 #0846,ipfs-original,稀有,灵蛇,单手举起,斗鸡眼,原厂贴图,无,电影票根,贴图树林,弹幕,云雀在场,影院翻拍
847,牛来 #0847,ipfs-original,普通,灵蛇,T-pose残留,豆眼,贴图丢失,黑皮夹克,场记板,山洞里,票房计数器,云雀在场,影院翻拍
848,牛来 #0848,ipfs-original,普通,灵蛇,直立呆站,死鱼眼,原厂贴图,牛来卫衣,奖杯,大平地,无,云雀在场,影院翻拍
849,牛来 #0849,ipfs-original,稀有,狼狗,T-pose残留,死鱼眼,UV接缝可见,黑皮夹克,场记板,牛角古树,加场印章,云雀在场,片源直出
850,牛来 #0850,ipfs-original,普通,豹拉,直立呆站,豆眼,原厂贴图,无,无,山洞里,穿模标注,云雀缺席,影院翻拍
851,牛来 #0851,ipfs-original,普通,牛妈,直立呆站,五星眼,贴图丢失,无,无,云上梦境,弹幕,云雀缺席,影院翻拍
852,牛来 #0852,ipfs-original,普通,豹拉,T-pose残留,少了一只眼,原厂贴图,红披风,方向盘,梦境,无,云雀缺席,片源直出
853,牛来 #0853,ipfs-original,稀有,牛来,直立呆站,斗鸡眼,原厂贴图,牛来卫衣,五星胸牌,牛角古树,加场印章,云雀在场,片源直出
854,牛来 #0854,ipfs-original,普通,路人牛,直立呆站,死鱼眼,原厂贴图,牛来卫衣,场记板,贴图树林,弹幕,云雀在场,影院翻拍
855,牛来 #0855,ipfs-original,普通,牛妈,直立呆站,豆眼,原厂贴图,无,假胡子,水墨河谷,无,云雀缺席,影院翻拍
856,牛来 #0856,ipfs-original,普通,路人牛,T-pose残留,豆眼,原厂贴图,无,无,贴图树林,无,云雀在场,片源直出
857,牛来 #0857,ipfs-original,普通,灵蛇,直立呆站,死鱼眼,贴图丢失,无,金元宝,牛马工位,票房计数器,云雀缺席,影院翻拍
858,牛来 #0858,ipfs-original,稀有,豹拉,单手举起,豆眼,原厂贴图,校服外套,股民墨镜,大平地,加场印章,云雀在场,片源直出
859,牛来 #0859,ipfs-original,普通,云雀,直立呆站,斗鸡眼,原厂贴图,红领巾,锦旗,贴图树林,弹幕,云雀缺席,影院翻拍
860,牛来 #0860,ipfs-original,普通,路人牛,T-pose残留,豆眼,牛市金身,无,锦旗,牛马工位,弹幕,云雀缺席,影院翻拍
861,牛来 #0861,ipfs-original,普通,牛妈,单手举起,豆眼,原厂贴图,7号球衣,股民墨镜,大平地,加场印章,云雀缺席,影院翻拍
862,牛来 #0862,ipfs-original,普通,灵蛇,直立呆站,豆眼,贴图丢失,无,篮球,水墨河谷,弹幕,云雀在场,片源直出
863,牛来 #0863,ipfs-original,普通,灵蛇,直立呆站,斗鸡眼,原厂贴图,无,股民墨镜,涨停板,票房计数器,云雀在场,片源直出
864,牛来 #0864,ipfs-original,稀有,路人牛,T-pose残留,斗鸡眼,原厂贴图,牛来卫衣,电影票根,贴图树林,弹幕,云雀在场,影院翻拍
865,牛来 #0865,ipfs-original,普通,云雀,T-pose残留,豆眼,原厂贴图,无,折扇,贴图树林,无,云雀缺席,影院翻拍
866,牛来 #0866,ipfs-original,普通,牛妈,T-pose残留,少了一只眼,UV接缝可见,无,假胡子,荒漠夜,弹幕,云雀缺席,影院翻拍
867,牛来 #0867,ipfs-original,稀有,路人牛,直立呆站,豆眼,原厂贴图,无,牛奶瓶,悬崖推土车,加场印章,云雀在场,片源直出
868,牛来 #0868,ipfs-original,稀有,牛来,单手举起,豆眼,UV接缝可见,红领巾,股民墨镜,牛群集会,加场印章,云雀在场,影院翻拍
869,牛来 #0869,ipfs-original,普通,狼狗,直立呆站,豆眼,UV接缝可见,无,口罩,牛群集会,涨停标签,云雀缺席,片源直出
870,牛来 #0870,ipfs-original,稀有,牛来,单手举起,豆眼,UV接缝可见,无,牛奶瓶,梦境,加场印章,云雀在场,影院翻拍
871,牛来 #0871,ipfs-original,普通,牛妈,直立呆站,死鱼眼,贴图丢失,无,爆米花桶,大平地,弹幕,云雀缺席,影院翻拍
872,牛来 #0872,ipfs-original,普通,豹拉,直立呆站,豆眼,原厂贴图,无,一把韭菜,牛群集会,加场印章,云雀在场,影院翻拍
873,牛来 #0873,ipfs-original,普通,豹拉,直立呆站,死鱼眼,原厂贴图,无,场记板,山洞里,无,云雀在场,片源直出
874,牛来 #0874,ipfs-original,普通,牛来,单手举起,死鱼眼,原厂贴图,7号球衣,K线小旗,影厅,票房计数器,云雀缺席,片源直出
875,牛来 #0875,ipfs-original,普通,豹拉,直立呆站,斗鸡眼,UV接缝可见,无,电影票根,涨停板,穿模标注,云雀缺席,片源直出
876,牛来 #0876,ipfs-original,普通,豹拉,直立呆站,死鱼眼,原厂贴图,无,电影票根,牛角古树,涨停标签,云雀在场,影院翻拍
877,牛来 #0877,ipfs-original,普通,豹拉,直立呆站,豆眼,原厂贴图,7号球衣,一把韭菜,荒漠,票房计数器,云雀缺席,影院翻拍
878,牛来 #0878,ipfs-original,普通,狼狗,直立呆站,死鱼眼,原厂贴图,红披风,折扇,水墨河谷,票房计数器,云雀缺席,影院翻拍
879,牛来 #0879,ipfs-original,普通,牛来,直立呆站,豆眼,原厂贴图,无,锦旗,影厅,穿模标注,云雀在场,影院翻拍
880,牛来 #0880,ipfs-original,普通,云雀,单手举起,死鱼眼,原厂贴图,无,无,涨停板,涨停标签,云雀缺席,影院翻拍
881,牛来 #0881,ipfs-original,稀有,牛妈,直立呆站,斗鸡眼,原厂贴图,黑皮夹克,K线小旗,影厅,弹幕,云雀在场,片源直出
882,牛来 #0882,ipfs-original,普通,路人牛,直立呆站,死鱼眼,原厂贴图,黑皮夹克,金元宝,牛群集会,无,云雀在场,片源直出
883,牛来 #0883,ipfs-original,普通,路人牛,直立呆站,豆眼,原厂贴图,无,场记板,跌停板,票房计数器,云雀缺席,片源直出
884,牛来 #0884,ipfs-original,普通,牛妈,单手举起,少了一只眼,原厂贴图,校服外套,电影票根,大平地,加场印章,云雀在场,影院翻拍
885,牛来 #0885,ipfs-original,普通,灵蛇,直立呆站,豆眼,UV接缝可见,勇士铠甲,牛奶瓶,山洞里,票房计数器,云雀缺席,影院翻拍
886,牛来 #0886,ipfs-original,稀有,狼狗,T-pose残留,五星眼,原厂贴图,红唐装,一把韭菜,大平地,弹幕,云雀在场,影院翻拍
887,牛来 #0887,ipfs-original,普通,路人牛,T-pose残留,斗鸡眼,原厂贴图,红领巾,电影票根,梦境,无,云雀在场,片源直出
888,牛来 #0888,ipfs-original,普通,牛来,直立呆站,豆眼,原厂贴图,勇士铠甲,方向盘,影厅,无,云雀缺席,影院翻拍
889,牛来 #0889,ipfs-original,普通,豹拉,直立呆站,死鱼眼,牛市金身,黄雨衣,耳机,荒漠,无,云雀在场,影院翻拍
890,牛来 #0890,ipfs-original,普通,牛来,单手举起,死鱼眼,原厂贴图,无,方向盘,大平地,涨停标签,云雀在场,片源直出
891,牛来 #0891,ipfs-original,普通,狼狗,直立呆站,五星眼,原厂贴图,无,爆米花桶,牛角古树,涨停标签,云雀在场,片源直出
892,牛来 #0892,ipfs-original,稀有,牛妈,T-pose残留,豆眼,原厂贴图,无,牺牲光环,荒漠夜,加场印章,云雀在场,片源直出
893,牛来 #0893,ipfs-original,稀有,路人牛,直立呆站,死鱼眼,原厂贴图,黄雨衣,无,梦境,加场印章,云雀在场,影院翻拍
894,牛来 #0894,ipfs-original,稀有,路人牛,直立呆站,斗鸡眼,贴图丢失,无,篮球,跌停板,弹幕,云雀在场,影院翻拍
895,牛来 #0895,ipfs-original,普通,牛来,T-pose残留,死鱼眼,原厂贴图,白大褂,无,牛群集会,无,云雀在场,影院翻拍
896,牛来 #0896,ipfs-original,普通,狼狗,T-pose残留,死鱼眼,原厂贴图,无,3D眼镜,牛马工位,涨停标签,云雀在场,影院翻拍
897,牛来 #0897,ipfs-original,普通,狼狗,单手举起,五星眼,原厂贴图,皮草大衣,电影票根,涨停板,穿模标注,云雀在场,片源直出
898,牛来 #0898,ipfs-original,稀有,牛来,直立呆站,豆眼,原厂贴图,皮草大衣,爆米花桶,影院门口,弹幕,云雀在场,影院翻拍
899,牛来 #0899,ipfs-original,普通,豹拉,直立呆站,死鱼眼,原厂贴图,无,方向盘,悬崖推土车,加场印章,云雀缺席,片源直出
900,牛来 #0900,ipfs-original,普通,豹拉,直立呆站,死鱼眼,原厂贴图,校服外套,无,影院门口,弹幕,云雀缺席,片源直出
901,牛来 #0901,ipfs-original,普通,灵蛇,T-pose残留,死鱼眼,UV接缝可见,7号球衣,爆米花桶,荒漠,无,云雀缺席,影院翻拍
902,牛来 #0902,ipfs-original,普通,灵蛇,直立呆站,死鱼眼,原厂贴图,校服外套,无,荒漠,加场印章,云雀缺席,影院翻拍
903,牛来 #0903,ipfs-original,普通,狼狗,直立呆站,死鱼眼,UV接缝可见,无,K线小旗,云上梦境,涨停标签,云雀缺席,影院翻拍
904,牛来 #0904,ipfs-original,稀有,路人牛,直立呆站,豆眼,UV接缝可见,红唐装,锦旗,牛马工位,弹幕,云雀在场,影院翻拍
905,牛来 #0905,ipfs-original,普通,牛妈,单手举起,死鱼眼,牛市金身,红披风,方向盘,山洞里,加场印章,云雀缺席,片源直出
906,牛来 #0906,ipfs-original,普通,牛来,T-pose残留,豆眼,UV接缝可见,无,安全帽,深渊,弹幕,云雀在场,影院翻拍
907,牛来 #0907,okx-reconstructed,普通,牛妈,T-pose残留,少了一只眼,贴图丢失,无,电影票根,大平地,无,云雀缺席,影院翻拍
908,牛来 #0908,ipfs-original,稀有,牛妈,直立呆站,五星眼,贴图丢失,校服外套,无,荒漠夜,弹幕,云雀在场,片源直出
909,牛来 #0909,ipfs-original,普通,豹拉,单手举起,豆眼,原厂贴图,股民西装马甲,无,牛群集会,涨停标签,云雀缺席,影院翻拍
910,牛来 #0910,ipfs-original,普通,路人牛,T-pose残留,豆眼,原厂贴图,校服外套,电影票根,跌停板,票房计数器,云雀缺席,片源直出
911,牛来 #0911,ipfs-original,普通,豹拉,直立呆站,斗鸡眼,原厂贴图,红披风,牺牲光环,荒漠夜,无,云雀在场,片源直出
912,牛来 #0912,ipfs-original,普通,路人牛,T-pose残留,死鱼眼,贴图丢失,红唐装,电影票根,牛马工位,票房计数器,云雀缺席,片源直出
913,牛来 #0913,ipfs-original,普通,牛妈,直立呆站,豆眼,原厂贴图,红披风,无,荒漠夜,无,云雀缺席,片源直出
914,牛来 #0914,ipfs-original,普通,牛来,T-pose残留,豆眼,UV接缝可见,牛来卫衣,股民墨镜,牛马工位,穿模标注,云雀在场,片源直出
915,牛来 #0915,ipfs-original,史诗,牛来,直立呆站,死鱼眼,原厂贴图,勇士铠甲,电影票根,影厅,票房计数器,云雀缺席,影院翻拍
916,牛来 #0916,ipfs-original,普通,豹拉,直立呆站,豆眼,原厂贴图,牛来卫衣,口罩,荒漠,弹幕,云雀在场,片源直出
917,牛来 #0917,ipfs-original,普通,路人牛,T-pose残留,豆眼,原厂贴图,牛马工牌衬衫,牛奶瓶,牛群集会,无,云雀缺席,片源直出
918,牛来 #0918,ipfs-original,普通,狼狗,T-pose残留,死鱼眼,原厂贴图,白大褂,场记板,涨停板,无,云雀在场,影院翻拍
919,牛来 #0919,ipfs-original,普通,牛来,T-pose残留,豆眼,原厂贴图,校服外套,场记板,悬崖推土车,无,云雀在场,片源直出
920,牛来 #0920,ipfs-original,普通,豹拉,直立呆站,死鱼眼,原厂贴图,勇士铠甲,无,跌停板,加场印章,云雀缺席,影院翻拍
921,牛来 #0921,ipfs-original,普通,路人牛,直立呆站,死鱼眼,UV接缝可见,牛来卫衣,牛奶瓶,大平地,无,云雀在场,影院翻拍
922,牛来 #0922,ipfs-original,普通,路人牛,直立呆站,豆眼,原厂贴图,红披风,方向盘,牛马工位,弹幕,云雀缺席,影院翻拍
923,牛来 #0923,ipfs-original,普通,云雀,直立呆站,豆眼,原厂贴图,黄雨衣,无,荒漠,加场印章,云雀缺席,片源直出
924,牛来 #0924,ipfs-original,普通,牛来,直立呆站,豆眼,原厂贴图,黑皮夹克,无,悬崖推土车,弹幕,云雀缺席,影院翻拍
925,牛来 #0925,ipfs-original,普通,灵蛇,T-pose残留,死鱼眼,贴图丢失,红唐装,安全帽,悬崖推土车,无,云雀缺席,片源直出
926,牛来 #0926,ipfs-original,普通,豹拉,T-pose残留,豆眼,原厂贴图,黑皮夹克,耳机,悬崖推土车,弹幕,云雀缺席,影院翻拍
927,牛来 #0927,ipfs-original,普通,牛来,直立呆站,斗鸡眼,原厂贴图,无,保龄球果子,影厅,无,云雀在场,影院翻拍
928,牛来 #0928,ipfs-original,稀有,牛来,直立呆站,豆眼,贴图丢失,红唐装,电影票根,水墨河谷,加场印章,云雀在场,片源直出
929,牛来 #0929,ipfs-original,普通,牛来,T-pose残留,豆眼,贴图丢失,黑皮夹克,锦旗,悬崖推土车,弹幕,云雀缺席,片源直出
930,牛来 #0930,ipfs-original,普通,云雀,直立呆站,豆眼,原厂贴图,无,无,荒漠,加场印章,云雀缺席,片源直出
931,牛来 #0931,ipfs-original,稀有,牛妈,直立呆站,斗鸡眼,原厂贴图,黑皮夹克,牺牲光环,云上梦境,加场印章,云雀在场,片源直出
932,牛来 #0932,ipfs-original,稀有,豹拉,直立呆站,死鱼眼,UV接缝可见,无,安全帽,牛马工位,弹幕,云雀在场,片源直出
933,牛来 #0933,ipfs-original,普通,豹拉,单手举起,豆眼,UV接缝可见,无,K线小旗,影厅,穿模标注,云雀缺席,片源直出
934,牛来 #0934,ipfs-original,普通,灵蛇,单手举起,斗鸡眼,原厂贴图,白大褂,无,荒漠夜,无,云雀缺席,片源直出
935,牛来 #0935,ipfs-original,普通,牛来,直立呆站,死鱼眼,原厂贴图,校服外套,保龄球果子,水墨河谷,无,云雀在场,片源直出
936,牛来 #0936,ipfs-original,普通,路人牛,T-pose残留,豆眼,原厂贴图,无,折扇,大平地,无,云雀在场,影院翻拍
937,牛来 #0937,ipfs-original,普通,牛来,直立呆站,豆眼,贴图丢失,股民西装马甲,一把韭菜,涨停板,穿模标注,云雀缺席,影院翻拍
938,牛来 #0938,ipfs-original,普通,牛来,直立呆站,五星眼,原厂贴图,牛来卫衣,K线小旗,深渊,票房计数器,云雀在场,影院翻拍
939,牛来 #0939,ipfs-original,普通,路人牛,直立呆站,斗鸡眼,原厂贴图,7号球衣,五星胸牌,荒漠夜,无,云雀缺席,片源直出
940,牛来 #0940,ipfs-original,普通,牛来,单手举起,死鱼眼,贴图丢失,红披风,锦旗,大平地,无,云雀在场,影院翻拍
941,牛来 #0941,ipfs-original,稀有,灵蛇,直立呆站,五星眼,贴图丢失,无,方向盘,大平地,弹幕,云雀在场,影院翻拍
942,牛来 #0942,ipfs-original,普通,豹拉,直立呆站,少了一只眼,贴图丢失,牛马工牌衬衫,电影票根,大平地,穿模标注,云雀在场,影院翻拍
943,牛来 #0943,ipfs-original,普通,牛来,直立呆站,豆眼,贴图丢失,无,股民墨镜,牛角古树,无,云雀在场,影院翻拍
944,牛来 #0944,ipfs-original,普通,牛来,单手举起,豆眼,原厂贴图,无,K线小旗,跌停板,无,云雀缺席,影院翻拍
945,牛来 #0945,ipfs-original,普通,牛来,T-pose残留,豆眼,UV接缝可见,白大褂,五星胸牌,大平地,无,云雀在场,片源直出
946,牛来 #0946,ipfs-original,普通,牛妈,T-pose残留,豆眼,贴图丢失,无,牺牲光环,影厅,无,云雀缺席,影院翻拍
947,牛来 #0947,ipfs-original,普通,豹拉,单手举起,豆眼,UV接缝可见,无,无,涨停板,无,云雀在场,影院翻拍
948,牛来 #0948,ipfs-original,普通,牛妈,单手举起,五星眼,原厂贴图,无,牺牲光环,荒漠夜,无,云雀缺席,影院翻拍
949,牛来 #0949,ipfs-original,普通,云雀,直立呆站,五星眼,原厂贴图,无,篮球,涨停板,无,云雀缺席,片源直出
950,牛来 #0950,ipfs-original,普通,豹拉,T-pose残留,斗鸡眼,原厂贴图,白大褂,无,牛群集会,无,云雀缺席,影院翻拍
951,牛来 #0951,ipfs-original,普通,路人牛,T-pose残留,豆眼,贴图丢失,无,场记板,云上梦境,弹幕,云雀在场,片源直出
952,牛来 #0952,ipfs-original,普通,路人牛,T-pose残留,少了一只眼,原厂贴图,股民西装马甲,电影票根,牛马工位,无,云雀在场,片源直出
953,牛来 #0953,ipfs-original,稀有,牛来,T-pose残留,死鱼眼,UV接缝可见,红唐装,无,影厅,加场印章,云雀在场,影院翻拍
954,牛来 #0954,ipfs-original,普通,牛来,直立呆站,五星眼,贴图丢失,无,K线小旗,贴图树林,无,云雀在场,片源直出
955,牛来 #0955,ipfs-original,普通,牛来,T-pose残留,死鱼眼,原厂贴图,红唐装,麦克风,大平地,穿模标注,云雀在场,片源直出
956,牛来 #0956,ipfs-original,稀有,牛来,直立呆站,少了一只眼,原厂贴图,红领巾,假胡子,梦境,加场印章,云雀在场,影院翻拍
957,牛来 #0957,ipfs-original,稀有,灵蛇,直立呆站,斗鸡眼,原厂贴图,黄雨衣,麦克风,山洞里,弹幕,云雀在场,影院翻拍
958,牛来 #0958,ipfs-original,普通,豹拉,直立呆站,豆眼,原厂贴图,无,方向盘,云上梦境,无,云雀缺席,片源直出
959,牛来 #0959,ipfs-original,普通,灵蛇,直立呆站,五星眼,原厂贴图,7号球衣,保龄球果子,影厅,弹幕,云雀在场,影院翻拍
960,牛来 #0960,ipfs-original,普通,豹拉,直立呆站,死鱼眼,原厂贴图,无,K线小旗,梦境,无,云雀在场,片源直出
961,牛来 #0961,ipfs-original,普通,路人牛,直立呆站,豆眼,原厂贴图,黑皮夹克,奖杯,跌停板,涨停标签,云雀缺席,片源直出
962,牛来 #0962,ipfs-original,普通,牛来,直立呆站,豆眼,原厂贴图,黑皮夹克,无,贴图树林,无,云雀缺席,影院翻拍
963,牛来 #0963,okx-reconstructed,普通,豹拉,单手举起,斗鸡眼,原厂贴图,股民西装马甲,无,荒漠夜,无,云雀在场,片源直出
964,牛来 #0964,ipfs-original,普通,豹拉,T-pose残留,少了一只眼,原厂贴图,皮草大衣,股民墨镜,影厅,无,云雀缺席,影院翻拍
965,牛来 #0965,ipfs-original,普通,路人牛,直立呆站,五星眼,原厂贴图,勇士铠甲,无,悬崖推土车,无,云雀缺席,影院翻拍
966,牛来 #0966,ipfs-original,稀有,路人牛,T-pose残留,死鱼眼,原厂贴图,牛来卫衣,无,牛群集会,弹幕,云雀在场,影院翻拍
967,牛来 #0967,ipfs-original,普通,灵蛇,T-pose残留,豆眼,原厂贴图,无,口罩,影厅,无,云雀缺席,影院翻拍
968,牛来 #0968,ipfs-original,普通,豹拉,直立呆站,豆眼,牛市金身,红唐装,K线小旗,影院门口,无,云雀缺席,影院翻拍
969,牛来 #0969,ipfs-original,稀有,路人牛,直立呆站,死鱼眼,UV接缝可见,无,篮球,影厅,加场印章,云雀在场,片源直出
970,牛来 #0970,ipfs-original,普通,牛来,直立呆站,死鱼眼,UV接缝可见,无,一把韭菜,云上梦境,无,云雀缺席,片源直出
971,牛来 #0971,ipfs-original,普通,牛妈,T-pose残留,死鱼眼,原厂贴图,黑皮夹克,场记板,深渊,弹幕,云雀缺席,片源直出
972,牛来 #0972,ipfs-original,普通,云雀,T-pose残留,少了一只眼,贴图丢失,皮草大衣,耳机,梦境,无,云雀缺席,影院翻拍
973,牛来 #0973,okx-reconstructed,普通,牛来,直立呆站,五星眼,贴图丢失,勇士铠甲,篮球,牛角古树,无,云雀缺席,影院翻拍
974,牛来 #0974,ipfs-original,普通,路人牛,直立呆站,死鱼眼,UV接缝可见,股民西装马甲,爆米花桶,贴图树林,弹幕,云雀缺席,影院翻拍
975,牛来 #0975,ipfs-original,普通,云雀,T-pose残留,斗鸡眼,贴图丢失,红披风,五星胸牌,悬崖推土车,无,云雀缺席,影院翻拍
976,牛来 #0976,ipfs-original,稀有,路人牛,T-pose残留,豆眼,UV接缝可见,黄雨衣,金元宝,山洞里,弹幕,云雀在场,影院翻拍
977,牛来 #0977,ipfs-original,普通,牛妈,直立呆站,豆眼,原厂贴图,无,电影票根,悬崖推土车,无,云雀缺席,影院翻拍
978,牛来 #0978,okx-reconstructed,普通,路人牛,直立呆站,死鱼眼,原厂贴图,红领巾,电影票根,山洞里,无,云雀缺席,片源直出
979,牛来 #0979,ipfs-original,普通,牛妈,T-pose残留,豆眼,原厂贴图,红领巾,保龄球果子,水墨河谷,无,云雀在场,影院翻拍
980,牛来 #0980,ipfs-original,普通,豹拉,直立呆站,豆眼,原厂贴图,白大褂,电影票根,牛群集会,无,云雀在场,影院翻拍
981,牛来 #0981,ipfs-original,史诗,路人牛,T-pose残留,豆眼,原厂贴图,无,电影票根,影厅,无,云雀缺席,影院翻拍
982,牛来 #0982,ipfs-original,普通,牛来,单手举起,豆眼,原厂贴图,无,K线小旗,悬崖推土车,弹幕,云雀缺席,片源直出
983,牛来 #0983,okx-reconstructed,稀有,云雀,直立呆站,死鱼眼,牛市金身,校服外套,电影票根,跌停板,加场印章,云雀缺席,片源直出
984,牛来 #0984,ipfs-original,普通,豹拉,直立呆站,少了一只眼,原厂贴图,勇士铠甲,场记板,悬崖推土车,穿模标注,云雀缺席,影院翻拍
985,牛来 #0985,ipfs-original,普通,灵蛇,单手举起,豆眼,原厂贴图,红披风,电影票根,梦境,穿模标注,云雀缺席,影院翻拍
986,牛来 #0986,ipfs-original,普通,云雀,T-pose残留,豆眼,原厂贴图,红披风,电影票根,跌停板,无,云雀缺席,影院翻拍
987,牛来 #0987,ipfs-original,普通,牛来,直立呆站,死鱼眼,原厂贴图,股民西装马甲,无,深渊,涨停标签,云雀缺席,影院翻拍
988,牛来 #0988,ipfs-original,普通,狼狗,直立呆站,死鱼眼,贴图丢失,无,无,影院门口,涨停标签,云雀缺席,片源直出
989,牛来 #0989,okx-reconstructed,稀有,牛妈,直立呆站,豆眼,原厂贴图,无,牺牲光环,牛角古树,弹幕,云雀在场,影院翻拍
990,牛来 #0990,ipfs-original,普通,路人牛,单手举起,豆眼,原厂贴图,股民西装马甲,牛奶瓶,影厅,无,云雀在场,影院翻拍
991,牛来 #0991,okx-reconstructed,普通,路人牛,直立呆站,死鱼眼,原厂贴图,勇士铠甲,金元宝,大平地,无,云雀缺席,影院翻拍
992,牛来 #0992,ipfs-original,普通,牛妈,单手举起,少了一只眼,原厂贴图,牛来卫衣,牺牲光环,大平地,无,云雀在场,片源直出
993,牛来 #0993,ipfs-original,普通,豹拉,T-pose残留,斗鸡眼,原厂贴图,校服外套,无,影厅,涨停标签,云雀缺席,片源直出
994,牛来 #0994,ipfs-original,普通,路人牛,直立呆站,斗鸡眼,原厂贴图,牛马工牌衬衫,无,影厅,弹幕,云雀在场,片源直出
995,牛来 #0995,ipfs-original,稀有,路人牛,T-pose残留,五星眼,原厂贴图,红披风,K线小旗,荒漠夜,弹幕,云雀在场,影院翻拍
996,牛来 #0996,ipfs-original,普通,豹拉,T-pose残留,死鱼眼,UV接缝可见,无,牛奶瓶,大平地,票房计数器,云雀缺席,片源直出
997,牛来 #0997,ipfs-original,普通,灵蛇,T-pose残留,死鱼眼,原厂贴图,无,无,云上梦境,无,云雀缺席,片源直出
998,牛来 #0998,ipfs-original,普通,狼狗,T-pose残留,少了一只眼,原厂贴图,无,一把韭菜,荒漠,加场印章,云雀缺席,片源直出
999,牛来 #0999,ipfs-original,普通,豹拉,直立呆站,豆眼,UV接缝可见,红唐装,无,影院门口,穿模标注,云雀在场,片源直出
